nom_ree;ear_data;ear_max_ree;ear_verif_ree_mwmes;ear_verif_ree_percentual
BELO MONTE;2023-01-01;28.109;25.279;89.9321
IGUACU;2023-01-01;10324.672;10051.585;97.355
MADEIRA;2023-01-01;313.73;33.997;10.8364
MANAUS-AMAPA;2023-01-01;785.737;429.513;54.6637
NORDESTE;2023-01-01;51691.226;34991.329;67.693
NORTE;2023-01-01;14488.55;8984.382;62.0102
PARANA;2023-01-01;140595.976;70317.528;50.0139
PARANAPANEMA;2023-01-01;11832.754;9253.903;78.2058
SUDESTE;2023-01-01;50972.214;29585.777;58.043
SUL;2023-01-01;10134.571;7197.837;71.0226
TELES PIRES;2023-01-01;900.655;431.515;47.9112
BELO MONTE;2023-01-02;28.109;25.081;89.2276
IGUACU;2023-01-02;10324.672;10080.439;97.6345
MADEIRA;2023-01-02;313.73;33.997;10.8364
MANAUS-AMAPA;2023-01-02;785.737;432.8;55.082
NORDESTE;2023-01-02;51691.226;35361.771;68.4096
NORTE;2023-01-02;14488.55;9169.053;63.2848
PARANA;2023-01-02;140595.976;71199.492;50.6412
PARANAPANEMA;2023-01-02;11832.754;9237.303;78.0655
SUDESTE;2023-01-02;50972.214;29710.278;58.2872
SUL;2023-01-02;10134.571;7183.305;70.8792
TELES PIRES;2023-01-02;900.655;439.819;48.8332
BELO MONTE;2023-01-03;28.109;24.95;88.7616
IGUACU;2023-01-03;10324.672;10083.705;97.6661
MADEIRA;2023-01-03;313.73;34.901;11.1245
MANAUS-AMAPA;2023-01-03;785.737;436.09;55.5008
NORDESTE;2023-01-03;51691.226;35738.156;69.1378
NORTE;2023-01-03;14488.55;9324.004;64.3543
PARANA;2023-01-03;140595.976;72125.73;51.3
PARANAPANEMA;2023-01-03;11832.754;9188.34;77.6517
SUDESTE;2023-01-03;50972.214;29838.39;58.5385
SUL;2023-01-03;10134.571;7177.544;70.8224
TELES PIRES;2023-01-03;900.655;450.027;49.9666
BELO MONTE;2023-01-04;28.109;24.755;88.0679
IGUACU;2023-01-04;10324.672;10143.834;98.2485
MADEIRA;2023-01-04;313.73;35.753;11.3961
MANAUS-AMAPA;2023-01-04;785.737;439.383;55.9199
NORDESTE;2023-01-04;51691.226;36123.254;69.8828
NORTE;2023-01-04;14488.55;9468.613;65.3524
PARANA;2023-01-04;140595.976;73086.376;51.9833
PARANAPANEMA;2023-01-04;11832.754;9150.414;77.3312
SUDESTE;2023-01-04;50972.214;29996.517;58.8488
SUL;2023-01-04;10134.571;7185.077;70.8967
TELES PIRES;2023-01-04;900.655;460.243;51.1009
BELO MONTE;2023-01-05;28.109;24.755;88.0679
IGUACU;2023-01-05;10324.672;10215.632;98.9439
MADEIRA;2023-01-05;313.73;35.002;11.1567
MANAUS-AMAPA;2023-01-05;785.737;440.99;56.1244
NORDESTE;2023-01-05;51691.226;36478.98;70.5709
NORTE;2023-01-05;14488.55;9629.409;66.4622
PARANA;2023-01-05;140595.976;74035.279;52.6582
PARANAPANEMA;2023-01-05;11832.754;9144.955;77.2851
SUDESTE;2023-01-05;50972.214;30170.352;59.1898
SUL;2023-01-05;10134.571;7201.924;71.0629
TELES PIRES;2023-01-05;900.655;468.657;52.0351
BELO MONTE;2023-01-06;28.109;24.557;87.3635
IGUACU;2023-01-06;10324.672;10233.234;99.1144
MADEIRA;2023-01-06;313.73;33.984;10.8322
MANAUS-AMAPA;2023-01-06;785.737;442.678;56.3392
NORDESTE;2023-01-06;51691.226;36876.891;71.3407
NORTE;2023-01-06;14488.55;9827.853;67.8319
PARANA;2023-01-06;140595.976;75592.451;53.7657
PARANAPANEMA;2023-01-06;11832.754;9129.506;77.1545
SUDESTE;2023-01-06;50972.214;30338.223;59.5191
SUL;2023-01-06;10134.571;7198.049;71.0247
TELES PIRES;2023-01-06;900.655;482.602;53.5834
BELO MONTE;2023-01-07;28.109;24.43;86.9117
IGUACU;2023-01-07;10324.672;10270.637;99.4766
MADEIRA;2023-01-07;313.73;34.551;11.013
MANAUS-AMAPA;2023-01-07;785.737;444.367;56.5542
NORDESTE;2023-01-07;51691.226;37298.168;72.1557
NORTE;2023-01-07;14488.55;10065.284;69.4706
PARANA;2023-01-07;140595.976;77107.078;54.843
PARANAPANEMA;2023-01-07;11832.754;9158.243;77.3974
SUDESTE;2023-01-07;50972.214;30607.123;60.0467
SUL;2023-01-07;10134.571;7198.628;71.0304
TELES PIRES;2023-01-07;900.655;508.72;56.4833
BELO MONTE;2023-01-08;28.109;24.363;86.6733
IGUACU;2023-01-08;10324.672;10231.819;99.1007
MADEIRA;2023-01-08;313.73;36.393;11.6001
MANAUS-AMAPA;2023-01-08;785.737;445.333;56.6771
NORDESTE;2023-01-08;51691.226;37752.116;73.0339
NORTE;2023-01-08;14488.55;10305.855;71.131
PARANA;2023-01-08;140595.976;78859.558;56.0895
PARANAPANEMA;2023-01-08;11832.754;9210.603;77.8399
SUDESTE;2023-01-08;50972.214;30864.275;60.5512
SUL;2023-01-08;10134.571;7203.362;71.0771
TELES PIRES;2023-01-08;900.655;536.708;59.5909
BELO MONTE;2023-01-09;28.109;24.363;86.6733
IGUACU;2023-01-09;10324.672;10239.457;99.1746
MADEIRA;2023-01-09;313.73;38.674;12.3272
MANAUS-AMAPA;2023-01-09;785.737;445.333;56.6771
NORDESTE;2023-01-09;51691.226;38076.243;73.6609
NORTE;2023-01-09;14488.55;10511.227;72.5485
PARANA;2023-01-09;140595.976;80507.982;57.2619
PARANAPANEMA;2023-01-09;11832.754;9203.147;77.7769
SUDESTE;2023-01-09;50972.214;31040.776;60.8974
SUL;2023-01-09;10134.571;7180.931;70.8558
TELES PIRES;2023-01-09;900.655;561.016;62.2898
BELO MONTE;2023-01-10;28.109;24.493;87.1358
IGUACU;2023-01-10;10324.672;10219.578;98.9821
MADEIRA;2023-01-10;313.73;41.268;13.154
MANAUS-AMAPA;2023-01-10;785.737;445.977;56.7591
NORDESTE;2023-01-10;51691.226;38282.622;74.0602
NORTE;2023-01-10;14488.55;10747.445;74.1789
PARANA;2023-01-10;140595.976;82133.701;58.4182
PARANAPANEMA;2023-01-10;11832.754;9187.383;77.6437
SUDESTE;2023-01-10;50972.214;31259.68;61.3269
SUL;2023-01-10;10134.571;7154.526;70.5953
TELES PIRES;2023-01-10;900.655;569.493;63.231
BELO MONTE;2023-01-11;28.109;24.557;87.3635
IGUACU;2023-01-11;10324.672;10204.849;98.8394
MADEIRA;2023-01-11;313.73;41.893;13.3532
MANAUS-AMAPA;2023-01-11;785.737;447.667;56.9742
NORDESTE;2023-01-11;51691.226;38410.433;74.3075
NORTE;2023-01-11;14488.55;10935.706;75.4783
PARANA;2023-01-11;140595.976;83602.519;59.463
PARANAPANEMA;2023-01-11;11832.754;9185.661;77.6291
SUDESTE;2023-01-11;50972.214;31396.69;61.5957
SUL;2023-01-11;10134.571;7127.22;70.3258
TELES PIRES;2023-01-11;900.655;559.194;62.0875
BELO MONTE;2023-01-12;28.109;24.557;87.3635
IGUACU;2023-01-12;10324.672;10186.256;98.6594
MADEIRA;2023-01-12;313.73;42.519;13.5527
MANAUS-AMAPA;2023-01-12;785.737;449.358;57.1894
NORDESTE;2023-01-12;51691.226;38531.708;74.5421
NORTE;2023-01-12;14488.55;11119.282;76.7453
PARANA;2023-01-12;140595.976;85154.475;60.5668
PARANAPANEMA;2023-01-12;11832.754;9177.806;77.5627
SUDESTE;2023-01-12;50972.214;31550.226;61.8969
SUL;2023-01-12;10134.571;7105.569;70.1122
TELES PIRES;2023-01-12;900.655;546.081;60.6315
BELO MONTE;2023-01-13;28.109;24.493;87.1358
IGUACU;2023-01-13;10324.672;10197.707;98.7703
MADEIRA;2023-01-13;313.73;44.191;14.0857
MANAUS-AMAPA;2023-01-13;785.737;451.05;57.4047
NORDESTE;2023-01-13;51691.226;38577.085;74.6299
NORTE;2023-01-13;14488.55;11329.504;78.1963
PARANA;2023-01-13;140595.976;86620.472;61.6095
PARANAPANEMA;2023-01-13;11832.754;9173.576;77.527
SUDESTE;2023-01-13;50972.214;31685.08;62.1615
SUL;2023-01-13;10134.571;7091.389;69.9723
TELES PIRES;2023-01-13;900.655;529.251;58.7629
BELO MONTE;2023-01-14;28.109;24.557;87.3635
IGUACU;2023-01-14;10324.672;10249.672;99.2736
MADEIRA;2023-01-14;313.73;45.609;14.5377
MANAUS-AMAPA;2023-01-14;785.737;453.388;57.7023
NORDESTE;2023-01-14;51691.226;38560.3;74.5974
NORTE;2023-01-14;14488.55;11577.953;79.9111
PARANA;2023-01-14;140595.976;87945.676;62.5521
PARANAPANEMA;2023-01-14;11832.754;9184.417;77.6186
SUDESTE;2023-01-14;50972.214;31852.014;62.489
SUL;2023-01-14;10134.571;7095.8;70.0158
TELES PIRES;2023-01-14;900.655;521.798;57.9354
BELO MONTE;2023-01-15;28.109;25.279;89.9321
IGUACU;2023-01-15;10324.672;10273.552;99.5049
MADEIRA;2023-01-15;313.73;46.079;14.6875
MANAUS-AMAPA;2023-01-15;785.737;455.324;57.9487
NORDESTE;2023-01-15;51691.226;38556.846;74.5907
NORTE;2023-01-15;14488.55;11826.019;81.6232
PARANA;2023-01-15;140595.976;89072.812;63.3537
PARANAPANEMA;2023-01-15;11832.754;9240.559;78.0931
SUDESTE;2023-01-15;50972.214;32008.979;62.7969
SUL;2023-01-15;10134.571;7110.146;70.1573
TELES PIRES;2023-01-15;900.655;546.081;60.6315
BELO MONTE;2023-01-16;28.109;25.677;91.348
IGUACU;2023-01-16;10324.672;10269.027;99.461
MADEIRA;2023-01-16;313.73;46.66;14.8727
MANAUS-AMAPA;2023-01-16;785.737;457.744;58.2566
NORDESTE;2023-01-16;51691.226;38501.541;74.4837
NORTE;2023-01-16;14488.55;12056.726;83.2155
PARANA;2023-01-16;140595.976;89897.047;63.94
PARANAPANEMA;2023-01-16;11832.754;9268.659;78.3305
SUDESTE;2023-01-16;50972.214;32119.849;63.0144
SUL;2023-01-16;10134.571;7144.967;70.5009
TELES PIRES;2023-01-16;900.655;571.317;63.4335
BELO MONTE;2023-01-17;28.109;25.677;91.348
IGUACU;2023-01-17;10324.672;10294.228;99.7051
MADEIRA;2023-01-17;313.73;47.416;15.1136
MANAUS-AMAPA;2023-01-17;785.737;460.409;58.5958
NORDESTE;2023-01-17;51691.226;38446.003;74.3763
NORTE;2023-01-17;14488.55;12270.252;84.6893
PARANA;2023-01-17;140595.976;90433.18;64.3213
PARANAPANEMA;2023-01-17;11832.754;9273.944;78.3752
SUDESTE;2023-01-17;50972.214;32194.984;63.1618
SUL;2023-01-17;10134.571;7208.736;71.1302
TELES PIRES;2023-01-17;900.655;595.774;66.149
BELO MONTE;2023-01-18;28.109;25.478;90.64
IGUACU;2023-01-18;10324.672;10277.959;99.5476
MADEIRA;2023-01-18;313.73;48.856;15.5726
MANAUS-AMAPA;2023-01-18;785.737;463.56;58.9968
NORDESTE;2023-01-18;51691.226;38383.183;74.2547
NORTE;2023-01-18;14488.55;12394.205;85.5448
PARANA;2023-01-18;140595.976;90927.943;64.6732
PARANAPANEMA;2023-01-18;11832.754;9300.097;78.5962
SUDESTE;2023-01-18;50972.214;32258.129;63.2857
SUL;2023-01-18;10134.571;7254.859;71.5853
TELES PIRES;2023-01-18;900.655;619.267;68.7574
BELO MONTE;2023-01-19;28.109;25.279;89.9321
IGUACU;2023-01-19;10324.672;10282.014;99.5868
MADEIRA;2023-01-19;313.73;50.711;16.1639
MANAUS-AMAPA;2023-01-19;785.737;467.119;59.4498
NORDESTE;2023-01-19;51691.226;38357.395;74.2048
NORTE;2023-01-19;14488.55;12436.497;85.8367
PARANA;2023-01-19;140595.976;91334.651;64.9625
PARANAPANEMA;2023-01-19;11832.754;9309.39;78.6748
SUDESTE;2023-01-19;50972.214;32300.807;63.3694
SUL;2023-01-19;10134.571;7313.634;72.1652
TELES PIRES;2023-01-19;900.655;623.018;69.1739
BELO MONTE;2023-01-20;28.109;25.279;89.9321
IGUACU;2023-01-20;10324.672;10301.227;99.7729
MADEIRA;2023-01-20;313.73;52.999;16.8932
MANAUS-AMAPA;2023-01-20;785.737;471.247;59.9752
NORDESTE;2023-01-20;51691.226;38408.384;74.3035
NORTE;2023-01-20;14488.55;12512.677;86.3625
PARANA;2023-01-20;140595.976;91898.502;65.3635
PARANAPANEMA;2023-01-20;11832.754;9322.98;78.7896
SUDESTE;2023-01-20;50972.214;32444.855;63.652
SUL;2023-01-20;10134.571;7351.591;72.5397
TELES PIRES;2023-01-20;900.655;618.26;68.6456
BELO MONTE;2023-01-21;28.109;25.877;92.0595
IGUACU;2023-01-21;10324.672;10251.429;99.2906
MADEIRA;2023-01-21;313.73;55.368;17.6483
MANAUS-AMAPA;2023-01-21;785.737;476.272;60.6147
NORDESTE;2023-01-21;51691.226;38433.369;74.3518
NORTE;2023-01-21;14488.55;12571.498;86.7685
PARANA;2023-01-21;140595.976;92624.738;65.8801
PARANAPANEMA;2023-01-21;11832.754;9336.181;78.9012
SUDESTE;2023-01-21;50972.214;32536.211;63.8313
SUL;2023-01-21;10134.571;7387.487;72.8939
TELES PIRES;2023-01-21;900.655;614.51;68.2292
BELO MONTE;2023-01-22;28.109;26.212;93.2513
IGUACU;2023-01-22;10324.672;10235.106;99.1325
MADEIRA;2023-01-22;313.73;57.373;18.2874
MANAUS-AMAPA;2023-01-22;785.737;481.465;61.2756
NORDESTE;2023-01-22;51691.226;38471.225;74.4251
NORTE;2023-01-22;14488.55;12622.872;87.1231
PARANA;2023-01-22;140595.976;93417.071;66.4436
PARANAPANEMA;2023-01-22;11832.754;9363.943;79.1358
SUDESTE;2023-01-22;50972.214;32629.651;64.0146
SUL;2023-01-22;10134.571;7424.767;73.2618
TELES PIRES;2023-01-22;900.655;615.516;68.3409
BELO MONTE;2023-01-23;28.109;25.478;90.64
IGUACU;2023-01-23;10324.672;10266.197;99.4336
MADEIRA;2023-01-23;313.73;58.768;18.732
MANAUS-AMAPA;2023-01-23;785.737;486.583;61.927
NORDESTE;2023-01-23;51691.226;38524.945;74.529
NORTE;2023-01-23;14488.55;12648.109;87.2973
PARANA;2023-01-23;140595.976;94028.975;66.8789
PARANAPANEMA;2023-01-23;11832.754;9366.89;79.1607
SUDESTE;2023-01-23;50972.214;32732.018;64.2154
SUL;2023-01-23;10134.571;7439.795;73.4101
TELES PIRES;2023-01-23;900.655;617.346;68.5441
BELO MONTE;2023-01-24;28.109;25.478;90.64
IGUACU;2023-01-24;10324.672;10267.961;99.4507
MADEIRA;2023-01-24;313.73;59.738;19.0412
MANAUS-AMAPA;2023-01-24;785.737;491.057;62.4964
NORDESTE;2023-01-24;51691.226;38626.411;74.7253
NORTE;2023-01-24;14488.55;12693.014;87.6072
PARANA;2023-01-24;140595.976;94724.348;67.3734
PARANAPANEMA;2023-01-24;11832.754;9379.996;79.2715
SUDESTE;2023-01-24;50972.214;32859.694;64.4659
SUL;2023-01-24;10134.571;7471.467;73.7226
TELES PIRES;2023-01-24;900.655;609.847;67.7115
BELO MONTE;2023-01-25;28.109;25.478;90.64
IGUACU;2023-01-25;10324.672;10287.101;99.6361
MADEIRA;2023-01-25;313.73;61.102;19.476
MANAUS-AMAPA;2023-01-25;785.737;494.476;62.9315
NORDESTE;2023-01-25;51691.226;38701.795;74.8711
NORTE;2023-01-25;14488.55;12742.967;87.952
PARANA;2023-01-25;140595.976;95416.958;67.8661
PARANAPANEMA;2023-01-25;11832.754;9388.555;79.3438
SUDESTE;2023-01-25;50972.214;32950.661;64.6444
SUL;2023-01-25;10134.571;7499.987;74.004
TELES PIRES;2023-01-25;900.655;603.266;66.9808
BELO MONTE;2023-01-26;28.109;25.677;91.348
IGUACU;2023-01-26;10324.672;10276.78;99.5361
MADEIRA;2023-01-26;313.73;62.748;20.0006
MANAUS-AMAPA;2023-01-26;785.737;496.92;63.2425
NORDESTE;2023-01-26;51691.226;38778.646;75.0198
NORTE;2023-01-26;14488.55;12765.853;88.1099
PARANA;2023-01-26;140595.976;95845.134;68.1706
PARANAPANEMA;2023-01-26;11832.754;9392.639;79.3783
SUDESTE;2023-01-26;50972.214;33044.222;64.8279
SUL;2023-01-26;10134.571;7508.092;74.084
TELES PIRES;2023-01-26;900.655;596.688;66.2505
BELO MONTE;2023-01-27;28.109;25.279;89.9321
IGUACU;2023-01-27;10324.672;10276.254;99.531
MADEIRA;2023-01-27;313.73;64.173;20.4548
MANAUS-AMAPA;2023-01-27;785.737;498.632;63.4604
NORDESTE;2023-01-27;51691.226;38864.485;75.1858
NORTE;2023-01-27;14488.55;12804.448;88.3763
PARANA;2023-01-27;140595.976;96287.021;68.4849
PARANAPANEMA;2023-01-27;11832.754;9392.019;79.3731
SUDESTE;2023-01-27;50972.214;33161.735;65.0585
SUL;2023-01-27;10134.571;7516.237;74.1643
TELES PIRES;2023-01-27;900.655;591.026;65.6218
BELO MONTE;2023-01-28;28.109;25.478;90.64
IGUACU;2023-01-28;10324.672;10288.026;99.6451
MADEIRA;2023-01-28;313.73;65.409;20.8488
MANAUS-AMAPA;2023-01-28;785.737;500.345;63.6784
NORDESTE;2023-01-28;51691.226;38937.082;75.3263
NORTE;2023-01-28;14488.55;12880.43;88.9008
PARANA;2023-01-28;140595.976;96877.899;68.9052
PARANAPANEMA;2023-01-28;11832.754;9385.688;79.3196
SUDESTE;2023-01-28;50972.214;33336.329;65.401
SUL;2023-01-28;10134.571;7520.073;74.2022
TELES PIRES;2023-01-28;900.655;592.03;65.7333
BELO MONTE;2023-01-29;28.109;25.677;91.348
IGUACU;2023-01-29;10324.672;10272.697;99.4966
MADEIRA;2023-01-29;313.73;68.211;21.7419
MANAUS-AMAPA;2023-01-29;785.737;501.731;63.8548
NORDESTE;2023-01-29;51691.226;39000.759;75.4495
NORTE;2023-01-29;14488.55;12982.09;89.6024
PARANA;2023-01-29;140595.976;97551.415;69.3842
PARANAPANEMA;2023-01-29;11832.754;9404.557;79.479
SUDESTE;2023-01-29;50972.214;33529.624;65.7802
SUL;2023-01-29;10134.571;7534.242;74.342
TELES PIRES;2023-01-29;900.655;595.774;66.149
BELO MONTE;2023-01-30;28.109;25.478;90.64
IGUACU;2023-01-30;10324.672;10198.265;98.7757
MADEIRA;2023-01-30;313.73;70.205;22.3775
MANAUS-AMAPA;2023-01-30;785.737;503.119;64.0315
NORDESTE;2023-01-30;51691.226;39055.447;75.5553
NORTE;2023-01-30;14488.55;13073.306;90.232
PARANA;2023-01-30;140595.976;98204.068;69.8484
PARANAPANEMA;2023-01-30;11832.754;9418.093;79.5934
SUDESTE;2023-01-30;50972.214;33668.494;66.0526
SUL;2023-01-30;10134.571;7558.794;74.5843
TELES PIRES;2023-01-30;900.655;599.52;66.5649
BELO MONTE;2023-01-31;28.109;24.557;87.3635
IGUACU;2023-01-31;10324.672;10195.596;98.7498
MADEIRA;2023-01-31;313.73;73.815;23.5282
MANAUS-AMAPA;2023-01-31;785.737;503.853;64.1249
NORDESTE;2023-01-31;51691.226;39102.26;75.6458
NORTE;2023-01-31;14488.55;13147.862;90.7466
PARANA;2023-01-31;140595.976;98894.605;70.3396
PARANAPANEMA;2023-01-31;11832.754;9476.781;80.0894
SUDESTE;2023-01-31;50972.214;33787.322;66.2858
SUL;2023-01-31;10134.571;7575.117;74.7453
TELES PIRES;2023-01-31;900.655;602.352;66.8793
BELO MONTE;2023-02-01;28.109;24.755;88.0679
IGUACU;2023-02-01;10324.672;10178.129;98.5807
MADEIRA;2023-02-01;313.73;77.22;24.6135
MANAUS-AMAPA;2023-02-01;785.737;503.853;64.1249
NORDESTE;2023-02-01;51691.226;39152.618;75.7433
NORTE;2023-02-01;14488.55;13229.697;91.3114
PARANA;2023-02-01;140595.976;99488.495;70.762
PARANAPANEMA;2023-02-01;11832.754;9539.233;80.6172
SUDESTE;2023-02-01;50972.214;33917.79;66.5417
SUL;2023-02-01;10134.571;7575.628;74.7504
TELES PIRES;2023-02-01;900.655;608.933;67.61
BELO MONTE;2023-02-02;28.109;25.677;91.348
IGUACU;2023-02-02;10324.672;10149.504;98.3034
MADEIRA;2023-02-02;313.73;81.426;25.9542
MANAUS-AMAPA;2023-02-02;785.737;503.853;64.1249
NORDESTE;2023-02-02;51691.226;39157.096;75.7519
NORTE;2023-02-02;14488.55;13283.711;91.6842
PARANA;2023-02-02;140595.976;99999.583;71.1255
PARANAPANEMA;2023-02-02;11832.754;9604.135;81.1657
SUDESTE;2023-02-02;50972.214;34046.572;66.7944
SUL;2023-02-02;10134.571;7580.572;74.7991
TELES PIRES;2023-02-02;900.655;610.761;67.813
BELO MONTE;2023-02-03;28.109;26.012;92.5398
IGUACU;2023-02-03;10324.672;10131.544;98.1295
MADEIRA;2023-02-03;313.73;85.865;27.3691
MANAUS-AMAPA;2023-02-03;785.737;505.568;64.3432
NORDESTE;2023-02-03;51691.226;39241.673;75.9155
NORTE;2023-02-03;14488.55;13317.738;91.9191
PARANA;2023-02-03;140595.976;100523.902;71.4984
PARANAPANEMA;2023-02-03;11832.754;9678.401;81.7933
SUDESTE;2023-02-03;50972.214;34162.786;67.0224
SUL;2023-02-03;10134.571;7586.822;74.8608
TELES PIRES;2023-02-03;900.655;611.676;67.9146
BELO MONTE;2023-02-04;28.109;25.478;90.64
IGUACU;2023-02-04;10324.672;10179.762;98.5965
MADEIRA;2023-02-04;313.73;90.648;28.8936
MANAUS-AMAPA;2023-02-04;785.737;507.692;64.6135
NORDESTE;2023-02-04;51691.226;39361.943;76.1482
NORTE;2023-02-04;14488.55;13350.644;92.1462
PARANA;2023-02-04;140595.976;101165.908;71.9551
PARANAPANEMA;2023-02-04;11832.754;9769.73;82.5651
SUDESTE;2023-02-04;50972.214;34259.805;67.2127
SUL;2023-02-04;10134.571;7616.973;75.1583
TELES PIRES;2023-02-04;900.655;617.346;68.5441
BELO MONTE;2023-02-05;28.109;25.279;89.9321
IGUACU;2023-02-05;10324.672;10203.13;98.8228
MADEIRA;2023-02-05;313.73;95.354;30.3937
MANAUS-AMAPA;2023-02-05;785.737;509.081;64.7903
NORDESTE;2023-02-05;51691.226;39514.148;76.4427
NORTE;2023-02-05;14488.55;13385.418;92.3862
PARANA;2023-02-05;140595.976;101695.483;72.3317
PARANAPANEMA;2023-02-05;11832.754;9872.72;83.4355
SUDESTE;2023-02-05;50972.214;34359.097;67.4075
SUL;2023-02-05;10134.571;7635.775;75.3438
TELES PIRES;2023-02-05;900.655;623.018;69.1739
BELO MONTE;2023-02-06;28.109;24.95;88.7616
IGUACU;2023-02-06;10324.672;10185.651;98.6535
MADEIRA;2023-02-06;313.73;100.305;31.9718
MANAUS-AMAPA;2023-02-06;785.737;510.798;65.0088
NORDESTE;2023-02-06;51691.226;39677.725;76.7591
NORTE;2023-02-06;14488.55;13382.886;92.3687
PARANA;2023-02-06;140595.976;102042.245;72.5784
PARANAPANEMA;2023-02-06;11832.754;9933.889;83.9525
SUDESTE;2023-02-06;50972.214;34444.924;67.5759
SUL;2023-02-06;10134.571;7632.25;75.3091
TELES PIRES;2023-02-06;900.655;625.855;69.4889
BELO MONTE;2023-02-07;28.109;24.95;88.7616
IGUACU;2023-02-07;10324.672;10188.161;98.6778
MADEIRA;2023-02-07;313.73;105.499;33.6273
MANAUS-AMAPA;2023-02-07;785.737;512.515;65.2273
NORDESTE;2023-02-07;51691.226;39843.413;77.0796
NORTE;2023-02-07;14488.55;13410.101;92.5565
PARANA;2023-02-07;140595.976;102414.677;72.8432
PARANAPANEMA;2023-02-07;11832.754;9988.591;84.4148
SUDESTE;2023-02-07;50972.214;34563.948;67.8094
SUL;2023-02-07;10134.571;7631.736;75.304
TELES PIRES;2023-02-07;900.655;634.277;70.424
BELO MONTE;2023-02-08;28.109;25.148;89.466
IGUACU;2023-02-08;10324.672;10209.809;98.8875
MADEIRA;2023-02-08;313.73;111.805;35.6373
MANAUS-AMAPA;2023-02-08;785.737;515.298;65.5815
NORDESTE;2023-02-08;51691.226;39982.723;77.3491
NORTE;2023-02-08;14488.55;13436.618;92.7396
PARANA;2023-02-08;140595.976;102741.771;73.0759
PARANAPANEMA;2023-02-08;11832.754;10035.131;84.8081
SUDESTE;2023-02-08;50972.214;34659.516;67.9969
SUL;2023-02-08;10134.571;7614.652;75.1354
TELES PIRES;2023-02-08;900.655;638.032;70.8409
BELO MONTE;2023-02-09;28.109;25.279;89.9321
IGUACU;2023-02-09;10324.672;10221.881;99.0044
MADEIRA;2023-02-09;313.73;119.467;38.0796
MANAUS-AMAPA;2023-02-09;785.737;517.754;65.8941
NORDESTE;2023-02-09;51691.226;40167.676;77.707
NORTE;2023-02-09;14488.55;13469.414;92.9659
PARANA;2023-02-09;140595.976;103121.363;73.3459
PARANAPANEMA;2023-02-09;11832.754;10085.012;85.2296
SUDESTE;2023-02-09;50972.214;34769.223;68.2121
SUL;2023-02-09;10134.571;7568.657;74.6816
TELES PIRES;2023-02-09;900.655;639.955;71.0544
BELO MONTE;2023-02-10;28.109;25.677;91.348
IGUACU;2023-02-10;10324.672;10222.875;99.014
MADEIRA;2023-02-10;313.73;126.683;40.3796
MANAUS-AMAPA;2023-02-10;785.737;520.622;66.2591
NORDESTE;2023-02-10;51691.226;40362.638;78.0841
NORTE;2023-02-10;14488.55;13499.041;93.1704
PARANA;2023-02-10;140595.976;103422.314;73.5599
PARANAPANEMA;2023-02-10;11832.754;10118.932;85.5163
SUDESTE;2023-02-10;50972.214;34876.131;68.4218
SUL;2023-02-10;10134.571;7525.741;74.2581
TELES PIRES;2023-02-10;900.655;641.146;71.1866
BELO MONTE;2023-02-11;28.109;25.677;91.348
IGUACU;2023-02-11;10324.672;10250.329;99.2799
MADEIRA;2023-02-11;313.73;133.691;42.6134
MANAUS-AMAPA;2023-02-11;785.737;523.081;66.572
NORDESTE;2023-02-11;51691.226;40610.127;78.5629
NORTE;2023-02-11;14488.55;13542.191;93.4682
PARANA;2023-02-11;140595.976;103951.006;73.936
PARANAPANEMA;2023-02-11;11832.754;10188.476;86.104
SUDESTE;2023-02-11;50972.214;34997.319;68.6596
SUL;2023-02-11;10134.571;7520.766;74.209
TELES PIRES;2023-02-11;900.655;647.193;71.858
BELO MONTE;2023-02-12;28.109;25.677;91.348
IGUACU;2023-02-12;10324.672;10246.905;99.2468
MADEIRA;2023-02-12;313.73;140.324;44.7276
MANAUS-AMAPA;2023-02-12;785.737;525.706;66.9061
NORDESTE;2023-02-12;51691.226;40869.476;79.0646
NORTE;2023-02-12;14488.55;13587.608;93.7817
PARANA;2023-02-12;140595.976;104376.851;74.2389
PARANAPANEMA;2023-02-12;11832.754;10290.869;86.9693
SUDESTE;2023-02-12;50972.214;35141.968;68.9434
SUL;2023-02-12;10134.571;7531.54;74.3153
TELES PIRES;2023-02-12;900.655;654.435;72.6621
BELO MONTE;2023-02-13;28.109;25.677;91.348
IGUACU;2023-02-13;10324.672;10197.779;98.771
MADEIRA;2023-02-13;313.73;146.234;46.6114
MANAUS-AMAPA;2023-02-13;785.737;528.333;67.2404
NORDESTE;2023-02-13;51691.226;41139.236;79.5865
NORTE;2023-02-13;14488.55;13633.317;94.0972
PARANA;2023-02-13;140595.976;104604.156;74.4005
PARANAPANEMA;2023-02-13;11832.754;10383.443;87.7517
SUDESTE;2023-02-13;50972.214;35266.187;69.1871
SUL;2023-02-13;10134.571;7503.798;74.0416
TELES PIRES;2023-02-13;900.655;654.435;72.6621
BELO MONTE;2023-02-14;28.109;25.478;90.64
IGUACU;2023-02-14;10324.672;10159.219;98.3975
MADEIRA;2023-02-14;313.73;151.955;48.435
MANAUS-AMAPA;2023-02-14;785.737;531.865;67.69
NORDESTE;2023-02-14;51691.226;41383.245;80.0585
NORTE;2023-02-14;14488.55;13648.359;94.201
PARANA;2023-02-14;140595.976;105044.313;74.7136
PARANAPANEMA;2023-02-14;11832.754;10447.122;88.2899
SUDESTE;2023-02-14;50972.214;35350.349;69.3522
SUL;2023-02-14;10134.571;7449.398;73.5048
TELES PIRES;2023-02-14;900.655;650.768;72.255
BELO MONTE;2023-02-15;28.109;25.279;89.9321
IGUACU;2023-02-15;10324.672;10140.796;98.2191
MADEIRA;2023-02-15;313.73;157.149;50.0905
MANAUS-AMAPA;2023-02-15;785.737;537.209;68.3701
NORDESTE;2023-02-15;51691.226;41611.181;80.4995
NORTE;2023-02-15;14488.55;13622.554;94.0229
PARANA;2023-02-15;140595.976;105434.133;74.9909
PARANAPANEMA;2023-02-15;11832.754;10449.256;88.3079
SUDESTE;2023-02-15;50972.214;35411.214;69.4716
SUL;2023-02-15;10134.571;7410.242;73.1185
TELES PIRES;2023-02-15;900.655;638.032;70.8409
BELO MONTE;2023-02-16;28.109;24.95;88.7616
IGUACU;2023-02-16;10324.672;10148.265;98.2914
MADEIRA;2023-02-16;313.73;161.433;51.456
MANAUS-AMAPA;2023-02-16;785.737;539.02;68.6006
NORDESTE;2023-02-16;51691.226;41897.723;81.0538
NORTE;2023-02-16;14488.55;13564.115;93.6195
PARANA;2023-02-16;140595.976;105572.567;75.0893
PARANAPANEMA;2023-02-16;11832.754;10437.558;88.209
SUDESTE;2023-02-16;50972.214;35475.593;69.5979
SUL;2023-02-16;10134.571;7387.185;72.8909
TELES PIRES;2023-02-16;900.655;623.933;69.2755
BELO MONTE;2023-02-17;28.109;25.148;89.466
IGUACU;2023-02-17;10324.672;10172.737;98.5284
MADEIRA;2023-02-17;313.73;166.259;52.9943
MANAUS-AMAPA;2023-02-17;785.737;543.631;69.1874
NORDESTE;2023-02-17;51691.226;42152.775;81.5473
NORTE;2023-02-17;14488.55;13512.69;93.2646
PARANA;2023-02-17;140595.976;105954.483;75.361
PARANAPANEMA;2023-02-17;11832.754;10473.879;88.516
SUDESTE;2023-02-17;50972.214;35548.923;69.7418
SUL;2023-02-17;10134.571;7346.273;72.4873
TELES PIRES;2023-02-17;900.655;607.927;67.4983
BELO MONTE;2023-02-18;28.109;25.478;90.64
IGUACU;2023-02-18;10324.672;10225.109;99.0357
MADEIRA;2023-02-18;313.73;172.106;54.858
MANAUS-AMAPA;2023-02-18;785.737;547.918;69.733
NORDESTE;2023-02-18;51691.226;42433.214;82.0898
NORTE;2023-02-18;14488.55;13518.604;93.3054
PARANA;2023-02-18;140595.976;106411.685;75.6862
PARANAPANEMA;2023-02-18;11832.754;10526.039;88.9568
SUDESTE;2023-02-18;50972.214;35660.371;69.9604
SUL;2023-02-18;10134.571;7350.931;72.5332
TELES PIRES;2023-02-18;900.655;601.347;66.7677
BELO MONTE;2023-02-19;28.109;26.077;92.771
IGUACU;2023-02-19;10324.672;10279.07;99.5583
MADEIRA;2023-02-19;313.73;178.021;56.7434
MANAUS-AMAPA;2023-02-19;785.737;553.283;70.4158
NORDESTE;2023-02-19;51691.226;42678.766;82.5648
NORTE;2023-02-19;14488.55;13589.362;93.7938
PARANA;2023-02-19;140595.976;106818.441;75.9755
PARANAPANEMA;2023-02-19;11832.754;10527.1;88.9658
SUDESTE;2023-02-19;50972.214;35899.501;70.4296
SUL;2023-02-19;10134.571;7362.751;72.6499
TELES PIRES;2023-02-19;900.655;601.347;66.7677
BELO MONTE;2023-02-20;28.109;26.212;93.2513
IGUACU;2023-02-20;10324.672;10292.415;99.6876
MADEIRA;2023-02-20;313.73;183.659;58.5405
MANAUS-AMAPA;2023-02-20;785.737;558.736;71.1098
NORDESTE;2023-02-20;51691.226;42949.753;83.0891
NORTE;2023-02-20;14488.55;13658.687;94.2723
PARANA;2023-02-20;140595.976;107083.17;76.1638
PARANAPANEMA;2023-02-20;11832.754;10474.163;88.5184
SUDESTE;2023-02-20;50972.214;36030.823;70.6872
SUL;2023-02-20;10134.571;7366.594;72.6878
TELES PIRES;2023-02-20;900.655;602.352;66.8793
BELO MONTE;2023-02-21;28.109;25.877;92.0595
IGUACU;2023-02-21;10324.672;10217.865;98.9655
MADEIRA;2023-02-21;313.73;188.942;60.2244
MANAUS-AMAPA;2023-02-21;785.737;564.114;71.7943
NORDESTE;2023-02-21;51691.226;43138.639;83.4545
NORTE;2023-02-21;14488.55;13767.124;95.0207
PARANA;2023-02-21;140595.976;107475.239;76.4426
PARANAPANEMA;2023-02-21;11832.754;10406.896;87.9499
SUDESTE;2023-02-21;50972.214;36197.147;71.0135
SUL;2023-02-21;10134.571;7433.299;73.346
TELES PIRES;2023-02-21;900.655;609.847;67.7115
BELO MONTE;2023-02-22;28.109;25.411;90.4017
IGUACU;2023-02-22;10324.672;10226.472;99.0489
MADEIRA;2023-02-22;313.73;195.479;62.308
MANAUS-AMAPA;2023-02-22;785.737;569.581;72.49
NORDESTE;2023-02-22;51691.226;43333.247;83.831
NORTE;2023-02-22;14488.55;13842.07;95.538
PARANA;2023-02-22;140595.976;107752.31;76.6397
PARANAPANEMA;2023-02-22;11832.754;10324.349;87.2523
SUDESTE;2023-02-22;50972.214;36355.686;71.3245
SUL;2023-02-22;10134.571;7413.303;73.1487
TELES PIRES;2023-02-22;900.655;615.516;68.3409
BELO MONTE;2023-02-23;28.109;25.279;89.9321
IGUACU;2023-02-23;10324.672;10256.357;99.3383
MADEIRA;2023-02-23;313.73;200.956;64.0538
MANAUS-AMAPA;2023-02-23;785.737;575.055;73.1867
NORDESTE;2023-02-23;51691.226;43484.555;84.1237
NORTE;2023-02-23;14488.55;13920.513;96.0794
PARANA;2023-02-23;140595.976;108230.876;76.9801
PARANAPANEMA;2023-02-23;11832.754;10323.631;87.2462
SUDESTE;2023-02-23;50972.214;36504.621;71.6167
SUL;2023-02-23;10134.571;7386.99;72.889
TELES PIRES;2023-02-23;900.655;618.26;68.6456
BELO MONTE;2023-02-24;28.109;25.279;89.9321
IGUACU;2023-02-24;10324.672;10299.683;99.758
MADEIRA;2023-02-24;313.73;204.969;65.3329
MANAUS-AMAPA;2023-02-24;785.737;578.708;73.6516
NORDESTE;2023-02-24;51691.226;43586.94;84.3217
NORTE;2023-02-24;14488.55;13948.719;96.2741
PARANA;2023-02-24;140595.976;108764.252;77.3594
PARANAPANEMA;2023-02-24;11832.754;10436.044;88.1962
SUDESTE;2023-02-24;50972.214;36607.967;71.8195
SUL;2023-02-24;10134.571;7391.151;72.9301
TELES PIRES;2023-02-24;900.655;617.346;68.5441
BELO MONTE;2023-02-25;28.109;25.809;91.8176
IGUACU;2023-02-25;10324.672;10291.033;99.6742
MADEIRA;2023-02-25;313.73;209.84;66.8855
MANAUS-AMAPA;2023-02-25;785.737;584.193;74.3497
NORDESTE;2023-02-25;51691.226;43704.023;84.5482
NORTE;2023-02-25;14488.55;13986.581;96.5354
PARANA;2023-02-25;140595.976;109149.297;77.6333
PARANAPANEMA;2023-02-25;11832.754;10411.589;87.9896
SUDESTE;2023-02-25;50972.214;36696.226;71.9926
SUL;2023-02-25;10134.571;7365.853;72.6805
TELES PIRES;2023-02-25;900.655;623.933;69.2755
BELO MONTE;2023-02-26;28.109;25.677;91.348
IGUACU;2023-02-26;10324.672;10269.526;99.4659
MADEIRA;2023-02-26;313.73;214.94;68.5111
MANAUS-AMAPA;2023-02-26;785.737;588.852;74.9426
NORDESTE;2023-02-26;51691.226;43836.888;84.8053
NORTE;2023-02-26;14488.55;14047.339;96.9548
PARANA;2023-02-26;140595.976;109491.385;77.8766
PARANAPANEMA;2023-02-26;11832.754;10217.166;86.3465
SUDESTE;2023-02-26;50972.214;36749.703;72.0975
SUL;2023-02-26;10134.571;7365.136;72.6734
TELES PIRES;2023-02-26;900.655;639.039;70.9527
BELO MONTE;2023-02-27;28.109;25.478;90.64
IGUACU;2023-02-27;10324.672;10276.924;99.5375
MADEIRA;2023-02-27;313.73;219.057;69.8234
MANAUS-AMAPA;2023-02-27;785.737;591.6;75.2924
NORDESTE;2023-02-27;51691.226;43983.817;85.0895
NORTE;2023-02-27;14488.55;14112.553;97.4049
PARANA;2023-02-27;140595.976;109588.069;77.9454
PARANAPANEMA;2023-02-27;11832.754;9991.563;84.4399
SUDESTE;2023-02-27;50972.214;36841.353;72.2773
SUL;2023-02-27;10134.571;7345.86;72.4832
TELES PIRES;2023-02-27;900.655;650.768;72.255
BELO MONTE;2023-02-28;28.109;25.279;89.9321
IGUACU;2023-02-28;10324.672;10277.586;99.5439
MADEIRA;2023-02-28;313.73;222.722;70.9916
MANAUS-AMAPA;2023-02-28;785.737;594.516;75.6635
NORDESTE;2023-02-28;51691.226;44088.425;85.2919
NORTE;2023-02-28;14488.55;14194.816;97.9726
PARANA;2023-02-28;140595.976;109801.124;78.0969
PARANAPANEMA;2023-02-28;11832.754;9855.967;83.2939
SUDESTE;2023-02-28;50972.214;36924.786;72.441
SUL;2023-02-28;10134.571;7309.27;72.1221
TELES PIRES;2023-02-28;900.655;661.68;73.4665
BELO MONTE;2023-03-01;28.109;25.677;91.348
IGUACU;2023-03-01;10324.672;10298.101;99.7426
MADEIRA;2023-03-01;313.73;226.796;72.2902
MANAUS-AMAPA;2023-03-01;785.737;601.188;76.5126
NORDESTE;2023-03-01;51691.226;44229.479;85.5648
NORTE;2023-03-01;14488.55;14323.703;98.8622
PARANA;2023-03-01;140595.976;109972.278;78.2187
PARANAPANEMA;2023-03-01;11832.754;9796.859;82.7944
SUDESTE;2023-03-01;50972.214;36991.383;72.5717
SUL;2023-03-01;10134.571;7273.569;71.7699
TELES PIRES;2023-03-01;900.655;659.204;73.1916
BELO MONTE;2023-03-02;28.109;25.677;91.348
IGUACU;2023-03-02;10324.672;10273.2;99.5015
MADEIRA;2023-03-02;313.73;230.684;73.5295
MANAUS-AMAPA;2023-03-02;785.737;604.528;76.9377
NORDESTE;2023-03-02;51691.226;44370.949;85.8385
NORTE;2023-03-02;14488.55;14375.575;99.2202
PARANA;2023-03-02;140595.976;110414.316;78.5331
PARANAPANEMA;2023-03-02;11832.754;9789.186;82.7296
SUDESTE;2023-03-02;50972.214;37063.37;72.7129
SUL;2023-03-02;10134.571;7230.909;71.3489
TELES PIRES;2023-03-02;900.655;656.819;72.9268
BELO MONTE;2023-03-03;28.109;25.809;91.8176
IGUACU;2023-03-03;10324.672;10258.086;99.3551
MADEIRA;2023-03-03;313.73;234.635;74.7888
MANAUS-AMAPA;2023-03-03;785.737;608.289;77.4164
NORDESTE;2023-03-03;51691.226;44489.691;86.0682
NORTE;2023-03-03;14488.55;14368.468;99.1712
PARANA;2023-03-03;140595.976;110808.577;78.8135
PARANAPANEMA;2023-03-03;11832.754;9810.958;82.9136
SUDESTE;2023-03-03;50972.214;37134.134;72.8517
SUL;2023-03-03;10134.571;7186.774;70.9135
TELES PIRES;2023-03-03;900.655;649.576;72.1226
BELO MONTE;2023-03-04;28.109;26.212;93.2513
IGUACU;2023-03-04;10324.672;10265.578;99.4276
MADEIRA;2023-03-04;313.73;238.045;75.8758
MANAUS-AMAPA;2023-03-04;785.737;613.893;78.1296
NORDESTE;2023-03-04;51691.226;44573.796;86.2309
NORTE;2023-03-04;14488.55;14410.786;99.4633
PARANA;2023-03-04;140595.976;111425.89;79.2525
PARANAPANEMA;2023-03-04;11832.754;9876.276;83.4656
SUDESTE;2023-03-04;50972.214;37213.91;73.0082
SUL;2023-03-04;10134.571;7174.799;70.7953
TELES PIRES;2023-03-04;900.655;648.385;71.9904
BELO MONTE;2023-03-05;28.109;25.809;91.8176
IGUACU;2023-03-05;10324.672;10269.338;99.4641
MADEIRA;2023-03-05;313.73;241.266;76.9024
MANAUS-AMAPA;2023-03-05;785.737;619.504;78.8437
NORDESTE;2023-03-05;51691.226;44691.147;86.4579
NORTE;2023-03-05;14488.55;14396.366;99.3637
PARANA;2023-03-05;140595.976;112206.188;79.8075
PARANAPANEMA;2023-03-05;11832.754;10061.893;85.0342
SUDESTE;2023-03-05;50972.214;37297.164;73.1716
SUL;2023-03-05;10134.571;7189.63;70.9416
TELES PIRES;2023-03-05;900.655;650.768;72.255
BELO MONTE;2023-03-06;28.109;25.411;90.4017
IGUACU;2023-03-06;10324.672;10297.446;99.7363
MADEIRA;2023-03-06;313.73;244.876;78.0531
MANAUS-AMAPA;2023-03-06;785.737;623.277;79.3239
NORDESTE;2023-03-06;51691.226;44807.843;86.6837
NORTE;2023-03-06;14488.55;14392.473;99.3369
PARANA;2023-03-06;140595.976;112612.151;80.0963
PARANAPANEMA;2023-03-06;11832.754;10248.554;86.6117
SUDESTE;2023-03-06;50972.214;37373.072;73.3205
SUL;2023-03-06;10134.571;7202.902;71.0726
TELES PIRES;2023-03-06;900.655;647.193;71.858
BELO MONTE;2023-03-07;28.109;24.95;88.7616
IGUACU;2023-03-07;10324.672;10284.435;99.6103
MADEIRA;2023-03-07;313.73;248.056;79.0667
MANAUS-AMAPA;2023-03-07;785.737;628.984;80.0502
NORDESTE;2023-03-07;51691.226;44897.707;86.8575
NORTE;2023-03-07;14488.55;14412.344;99.474
PARANA;2023-03-07;140595.976;113137.877;80.4702
PARANAPANEMA;2023-03-07;11832.754;10402.346;87.9115
SUDESTE;2023-03-07;50972.214;37449.781;73.471
SUL;2023-03-07;10134.571;7197.61;71.0204
TELES PIRES;2023-03-07;900.655;641.146;71.1866
BELO MONTE;2023-03-08;28.109;25.279;89.9321
IGUACU;2023-03-08;10324.672;10284.235;99.6083
MADEIRA;2023-03-08;313.73;251.754;80.2454
MANAUS-AMAPA;2023-03-08;785.737;630.831;80.2853
NORDESTE;2023-03-08;51691.226;44972.231;87.0017
NORTE;2023-03-08;14488.55;14361.574;99.1236
PARANA;2023-03-08;140595.976;113639.979;80.8273
PARANAPANEMA;2023-03-08;11832.754;10540.718;89.0809
SUDESTE;2023-03-08;50972.214;37588.686;73.7435
SUL;2023-03-08;10134.571;7166.95;70.7178
TELES PIRES;2023-03-08;900.655;637.116;70.7392
BELO MONTE;2023-03-09;28.109;25.279;89.9321
IGUACU;2023-03-09;10324.672;10310.717;99.8648
MADEIRA;2023-03-09;313.73;255.39;81.4044
MANAUS-AMAPA;2023-03-09;785.737;630.831;80.2853
NORDESTE;2023-03-09;51691.226;45057.322;87.1663
NORTE;2023-03-09;14488.55;14298.931;98.6912
PARANA;2023-03-09;140595.976;114243.581;81.2567
PARANAPANEMA;2023-03-09;11832.754;10635.569;89.8824
SUDESTE;2023-03-09;50972.214;37696.112;73.9542
SUL;2023-03-09;10134.571;7165.335;70.7019
TELES PIRES;2023-03-09;900.655;631.438;70.1088
BELO MONTE;2023-03-10;28.109;25.279;89.9321
IGUACU;2023-03-10;10324.672;10279.604;99.5635
MADEIRA;2023-03-10;313.73;259.929;82.8512
MANAUS-AMAPA;2023-03-10;785.737;630.831;80.2853
NORDESTE;2023-03-10;51691.226;45099.526;87.2479
NORTE;2023-03-10;14488.55;14259.896;98.4218
PARANA;2023-03-10;140595.976;114770.743;81.6316
PARANAPANEMA;2023-03-10;11832.754;10762.606;90.9561
SUDESTE;2023-03-10;50972.214;37820.452;74.1982
SUL;2023-03-10;10134.571;7145.875;70.5099
TELES PIRES;2023-03-10;900.655;626.77;69.5905
BELO MONTE;2023-03-11;28.109;25.279;89.9321
IGUACU;2023-03-11;10324.672;10274.312;99.5122
MADEIRA;2023-03-11;313.73;266.545;84.96
MANAUS-AMAPA;2023-03-11;785.737;632.764;80.5313
NORDESTE;2023-03-11;51691.226;45169.328;87.383
NORTE;2023-03-11;14488.55;14275.022;98.5262
PARANA;2023-03-11;140595.976;115394.104;82.075
PARANAPANEMA;2023-03-11;11832.754;10905.959;92.1675
SUDESTE;2023-03-11;50972.214;37973.597;74.4986
SUL;2023-03-11;10134.571;7145.102;70.5023
TELES PIRES;2023-03-11;900.655;627.685;69.6921
BELO MONTE;2023-03-12;28.109;25.279;89.9321
IGUACU;2023-03-12;10324.672;10294.642;99.7091
MADEIRA;2023-03-12;313.73;270.466;86.2098
MANAUS-AMAPA;2023-03-12;785.737;634.613;80.7666
NORDESTE;2023-03-12;51691.226;45269.773;87.5773
NORTE;2023-03-12;14488.55;14342.95;98.9951
PARANA;2023-03-12;140595.976;116017.303;82.5182
PARANAPANEMA;2023-03-12;11832.754;10971.217;92.719
SUDESTE;2023-03-12;50972.214;38126.974;74.7995
SUL;2023-03-12;10134.571;7143.849;70.4899
TELES PIRES;2023-03-12;900.655;634.277;70.424
BELO MONTE;2023-03-13;28.109;24.95;88.7616
IGUACU;2023-03-13;10324.672;10294.024;99.7032
MADEIRA;2023-03-13;313.73;279.066;88.951
MANAUS-AMAPA;2023-03-13;785.737;636.547;81.0127
NORDESTE;2023-03-13;51691.226;45372.704;87.7764
NORTE;2023-03-13;14488.55;14401.797;99.4012
PARANA;2023-03-13;140595.976;116273.023;82.7001
PARANAPANEMA;2023-03-13;11832.754;10966.589;92.6799
SUDESTE;2023-03-13;50972.214;38284.071;75.1077
SUL;2023-03-13;10134.571;7113.762;70.193
TELES PIRES;2023-03-13;900.655;637.116;70.7392
BELO MONTE;2023-03-14;28.109;24.95;88.7616
IGUACU;2023-03-14;10324.672;10264.393;99.4162
MADEIRA;2023-03-14;313.73;283.546;90.379
MANAUS-AMAPA;2023-03-14;785.737;638.482;81.259
NORDESTE;2023-03-14;51691.226;45480.434;87.9848
NORTE;2023-03-14;14488.55;14376.719;99.2281
PARANA;2023-03-14;140595.976;116314.74;82.7298
PARANAPANEMA;2023-03-14;11832.754;10934.418;92.4081
SUDESTE;2023-03-14;50972.214;38419.362;75.3731
SUL;2023-03-14;10134.571;7070.202;69.7632
TELES PIRES;2023-03-14;900.655;638.032;70.8409
BELO MONTE;2023-03-15;28.109;25.279;89.9321
IGUACU;2023-03-15;10324.672;10251.802;99.2942
MADEIRA;2023-03-15;313.73;286.295;91.2552
MANAUS-AMAPA;2023-03-15;785.737;639.239;81.3553
NORDESTE;2023-03-15;51691.226;45554.181;88.1275
NORTE;2023-03-15;14488.55;14379.687;99.2486
PARANA;2023-03-15;140595.976;116132.023;82.5998
PARANAPANEMA;2023-03-15;11832.754;10887.126;92.0084
SUDESTE;2023-03-15;50972.214;38528.227;75.5867
SUL;2023-03-15;10134.571;7038.637;69.4518
TELES PIRES;2023-03-15;900.655;636.2;70.6375
BELO MONTE;2023-03-16;28.109;25.877;92.0595
IGUACU;2023-03-16;10324.672;10267.11;99.4425
MADEIRA;2023-03-16;313.73;288.766;92.0428
MANAUS-AMAPA;2023-03-16;785.737;640.754;81.5482
NORDESTE;2023-03-16;51691.226;45663.711;88.3394
NORTE;2023-03-16;14488.55;14352.636;99.0619
PARANA;2023-03-16;140595.976;116135.883;82.6026
PARANAPANEMA;2023-03-16;11832.754;10864.841;91.8201
SUDESTE;2023-03-16;50972.214;38696.04;75.9159
SUL;2023-03-16;10134.571;7007.853;69.148
TELES PIRES;2023-03-16;900.655;637.116;70.7392
BELO MONTE;2023-03-17;28.109;26.012;92.5398
IGUACU;2023-03-17;10324.672;10236.236;99.1434
MADEIRA;2023-03-17;313.73;286.701;91.3846
MANAUS-AMAPA;2023-03-17;785.737;642.27;81.7411
NORDESTE;2023-03-17;51691.226;45770.414;88.5458
NORTE;2023-03-17;14488.55;14409.72;99.4559
PARANA;2023-03-17;140595.976;116225.331;82.6662
PARANAPANEMA;2023-03-17;11832.754;10860.561;91.7839
SUDESTE;2023-03-17;50972.214;38839.491;76.1974
SUL;2023-03-17;10134.571;6981.84;68.8913
TELES PIRES;2023-03-17;900.655;639.955;71.0544
BELO MONTE;2023-03-18;28.109;25.877;92.0595
IGUACU;2023-03-18;10324.672;10250.89;99.2854
MADEIRA;2023-03-18;313.73;289.689;92.337
MANAUS-AMAPA;2023-03-18;785.737;643.365;81.8805
NORDESTE;2023-03-18;51691.226;45888.204;88.7737
NORTE;2023-03-18;14488.55;14359.847;99.1117
PARANA;2023-03-18;140595.976;116394.63;82.7866
PARANAPANEMA;2023-03-18;11832.754;10852.362;91.7146
SUDESTE;2023-03-18;50972.214;38920.687;76.3567
SUL;2023-03-18;10134.571;6960.321;68.679
TELES PIRES;2023-03-18;900.655;641.146;71.1866
BELO MONTE;2023-03-19;28.109;25.877;92.0595
IGUACU;2023-03-19;10324.672;10274.693;99.5159
MADEIRA;2023-03-19;313.73;292.255;93.1549
MANAUS-AMAPA;2023-03-19;785.737;644.544;82.0305
NORDESTE;2023-03-19;51691.226;45999.02;88.9881
NORTE;2023-03-19;14488.55;14415.488;99.4957
PARANA;2023-03-19;140595.976;116707.072;83.0088
PARANAPANEMA;2023-03-19;11832.754;10843.674;91.6412
SUDESTE;2023-03-19;50972.214;39041.85;76.5944
SUL;2023-03-19;10134.571;6939.477;68.4733
TELES PIRES;2023-03-19;900.655;659.204;73.1916
BELO MONTE;2023-03-20;28.109;25.677;91.348
IGUACU;2023-03-20;10324.672;10245.235;99.2306
MADEIRA;2023-03-20;313.73;294.501;93.8708
MANAUS-AMAPA;2023-03-20;785.737;644.965;82.0841
NORDESTE;2023-03-20;51691.226;46209.378;89.395
NORTE;2023-03-20;14488.55;14396.366;99.3637
PARANA;2023-03-20;140595.976;116536.831;82.8877
PARANAPANEMA;2023-03-20;11832.754;10827.929;91.5081
SUDESTE;2023-03-20;50972.214;39157.514;76.8213
SUL;2023-03-20;10134.571;6914.143;68.2233
TELES PIRES;2023-03-20;900.655;672.508;74.6688
BELO MONTE;2023-03-21;28.109;25.478;90.64
IGUACU;2023-03-21;10324.672;10205.932;98.8499
MADEIRA;2023-03-21;313.73;295.786;94.2804
MANAUS-AMAPA;2023-03-21;785.737;643.028;81.8376
NORDESTE;2023-03-21;51691.226;46418.552;89.7997
NORTE;2023-03-21;14488.55;14384.005;99.2784
PARANA;2023-03-21;140595.976;116474.186;82.8432
PARANAPANEMA;2023-03-21;11832.754;10826.796;91.4985
SUDESTE;2023-03-21;50972.214;39261.916;77.0261
SUL;2023-03-21;10134.571;6884.03;67.9262
TELES PIRES;2023-03-21;900.655;677.374;75.209
BELO MONTE;2023-03-22;28.109;25.61;91.1096
IGUACU;2023-03-22;10324.672;10219.105;98.9775
MADEIRA;2023-03-22;313.73;295.731;94.2629
MANAUS-AMAPA;2023-03-22;785.737;641.091;81.591
NORDESTE;2023-03-22;51691.226;46639.517;90.2271
NORTE;2023-03-22;14488.55;14367.269;99.1629
PARANA;2023-03-22;140595.976;116584.624;82.9217
PARANAPANEMA;2023-03-22;11832.754;10830.187;91.5272
SUDESTE;2023-03-22;50972.214;39381.871;77.2614
SUL;2023-03-22;10134.571;6871.759;67.8051
TELES PIRES;2023-03-22;900.655;674.895;74.9338
BELO MONTE;2023-03-23;28.109;25.478;90.64
IGUACU;2023-03-23;10324.672;10207.826;98.8683
MADEIRA;2023-03-23;313.73;296.735;94.5829
MANAUS-AMAPA;2023-03-23;785.737;640.334;81.4947
NORDESTE;2023-03-23;51691.226;46810.365;90.5577
NORTE;2023-03-23;14488.55;14368.773;99.1733
PARANA;2023-03-23;140595.976;116676.112;82.9868
PARANAPANEMA;2023-03-23;11832.754;10840.711;91.6161
SUDESTE;2023-03-23;50972.214;39504.704;77.5024
SUL;2023-03-23;10134.571;6876.734;67.8542
TELES PIRES;2023-03-23;900.655;679.762;75.4742
BELO MONTE;2023-03-24;28.109;25.279;89.9321
IGUACU;2023-03-24;10324.672;10200.684;98.7991
MADEIRA;2023-03-24;313.73;297.595;94.857
MANAUS-AMAPA;2023-03-24;785.737;640.334;81.4947
NORDESTE;2023-03-24;51691.226;46930.347;90.7898
NORTE;2023-03-24;14488.55;14317.902;98.8222
PARANA;2023-03-24;140595.976;116662.444;82.9771
PARANAPANEMA;2023-03-24;11832.754;10851.065;91.7036
SUDESTE;2023-03-24;50972.214;39601.992;77.6933
SUL;2023-03-24;10134.571;6871.412;67.8017
TELES PIRES;2023-03-24;900.655;683.343;75.8718
BELO MONTE;2023-03-25;28.109;25.148;89.466
IGUACU;2023-03-25;10324.672;10175.801;98.5581
MADEIRA;2023-03-25;313.73;299.804;95.5612
MANAUS-AMAPA;2023-03-25;785.737;642.27;81.7411
NORDESTE;2023-03-25;51691.226;47007.245;90.9385
NORTE;2023-03-25;14488.55;14290.405;98.6324
PARANA;2023-03-25;140595.976;116840.833;83.104
PARANAPANEMA;2023-03-25;11832.754;10860.633;91.7845
SUDESTE;2023-03-25;50972.214;39675.71;77.8379
SUL;2023-03-25;10134.571;6869.642;67.7842
TELES PIRES;2023-03-25;900.655;687.018;76.2798
BELO MONTE;2023-03-26;28.109;25.215;89.7044
IGUACU;2023-03-26;10324.672;10187.62;98.6726
MADEIRA;2023-03-26;313.73;300.811;95.8821
MANAUS-AMAPA;2023-03-26;785.737;644.207;81.9876
NORDESTE;2023-03-26;51691.226;47086.312;91.0915
NORTE;2023-03-26;14488.55;14304.041;98.7265
PARANA;2023-03-26;140595.976;117141.307;83.3177
PARANAPANEMA;2023-03-26;11832.754;10868.904;91.8544
SUDESTE;2023-03-26;50972.214;39747.165;77.9781
SUL;2023-03-26;10134.571;6901.967;68.1032
TELES PIRES;2023-03-26;900.655;693.083;76.9532
BELO MONTE;2023-03-27;28.109;25.215;89.7044
IGUACU;2023-03-27;10324.672;10158.769;98.3931
MADEIRA;2023-03-27;313.73;299.513;95.4684
MANAUS-AMAPA;2023-03-27;785.737;645.724;82.1807
NORDESTE;2023-03-27;51691.226;47151.065;91.2168
NORTE;2023-03-27;14488.55;14270.442;98.4946
PARANA;2023-03-27;140595.976;117222.681;83.3756
PARANAPANEMA;2023-03-27;11832.754;10872.327;91.8833
SUDESTE;2023-03-27;50972.214;39812.799;78.1069
SUL;2023-03-27;10134.571;6919.169;68.2729
TELES PIRES;2023-03-27;900.655;693.083;76.9532
BELO MONTE;2023-03-28;28.109;25.215;89.7044
IGUACU;2023-03-28;10324.672;10139.858;98.21
MADEIRA;2023-03-28;313.73;299.417;95.4378
MANAUS-AMAPA;2023-03-28;785.737;648.0;82.4703
NORDESTE;2023-03-28;51691.226;47179.384;91.2716
NORTE;2023-03-28;14488.55;14255.226;98.3896
PARANA;2023-03-28;140595.976;117391.764;83.4958
PARANAPANEMA;2023-03-28;11832.754;10880.707;91.9541
SUDESTE;2023-03-28;50972.214;39856.714;78.193
SUL;2023-03-28;10134.571;6914.66;68.2284
TELES PIRES;2023-03-28;900.655;687.018;76.2798
BELO MONTE;2023-03-29;28.109;25.61;91.1096
IGUACU;2023-03-29;10324.672;10080.787;97.6378
MADEIRA;2023-03-29;313.73;299.461;95.4518
MANAUS-AMAPA;2023-03-29;785.737;651.795;82.9533
NORDESTE;2023-03-29;51691.226;47145.179;91.2054
NORTE;2023-03-29;14488.55;14257.486;98.4052
PARANA;2023-03-29;140595.976;117566.042;83.6198
PARANAPANEMA;2023-03-29;11832.754;10894.523;92.0709
SUDESTE;2023-03-29;50972.214;39933.799;78.3443
SUL;2023-03-29;10134.571;6907.445;68.1573
TELES PIRES;2023-03-29;900.655;677.374;75.209
BELO MONTE;2023-03-30;28.109;25.677;91.348
IGUACU;2023-03-30;10324.672;10052.164;97.3606
MADEIRA;2023-03-30;313.73;299.092;95.3342
MANAUS-AMAPA;2023-03-30;785.737;657.621;83.6948
NORDESTE;2023-03-30;51691.226;47148.435;91.2117
NORTE;2023-03-30;14488.55;14260.523;98.4262
PARANA;2023-03-30;140595.976;117939.181;83.8852
PARANAPANEMA;2023-03-30;11832.754;10890.629;92.038
SUDESTE;2023-03-30;50972.214;40003.753;78.4815
SUL;2023-03-30;10134.571;6922.906;68.3098
TELES PIRES;2023-03-30;900.655;667.644;74.1287
BELO MONTE;2023-03-31;28.109;25.411;90.4017
IGUACU;2023-03-31;10324.672;10027.968;97.1263
MADEIRA;2023-03-31;313.73;299.53;95.4738
MANAUS-AMAPA;2023-03-31;785.737;657.621;83.6948
NORDESTE;2023-03-31;51691.226;47147.057;91.209
NORTE;2023-03-31;14488.55;14270.579;98.4956
PARANA;2023-03-31;140595.976;118149.923;84.0351
PARANAPANEMA;2023-03-31;11832.754;10898.582;92.1052
SUDESTE;2023-03-31;50972.214;40090.83;78.6523
SUL;2023-03-31;10134.571;6935.71;68.4361
TELES PIRES;2023-03-31;900.655;656.819;72.9268
BELO MONTE;2023-04-01;28.109;25.279;89.9321
IGUACU;2023-04-01;10324.672;10031.745;97.1628
MADEIRA;2023-04-01;313.73;301.034;95.9532
MANAUS-AMAPA;2023-04-01;785.737;657.621;83.6948
NORDESTE;2023-04-01;51691.226;47146.72;91.2084
NORTE;2023-04-01;14488.55;14278.401;98.5496
PARANA;2023-04-01;140595.976;118549.409;84.3192
PARANAPANEMA;2023-04-01;11832.754;10895.995;92.0833
SUDESTE;2023-04-01;50972.214;40141.118;78.751
SUL;2023-04-01;10134.571;6951.461;68.5916
TELES PIRES;2023-04-01;900.655;651.96;72.3873
BELO MONTE;2023-04-02;28.109;25.61;91.1096
IGUACU;2023-04-02;10324.672;10035.81;97.2022
MADEIRA;2023-04-02;313.73;302.774;96.5078
MANAUS-AMAPA;2023-04-02;785.737;654.749;83.3293
NORDESTE;2023-04-02;51691.226;47108.706;91.1348
NORTE;2023-04-02;14488.55;14280.632;98.5649
PARANA;2023-04-02;140595.976;118844.843;84.5293
PARANAPANEMA;2023-04-02;11832.754;10920.884;92.2937
SUDESTE;2023-04-02;50972.214;40225.261;78.9161
SUL;2023-04-02;10134.571;6956.343;68.6397
TELES PIRES;2023-04-02;900.655;654.435;72.6621
