ANO;MES;SEMANA;DATA_INICIO;DATA_FIM;SUDESTE;SUL;NORDESTE;NORTE
2001;6;1;2001-06-30;2001-07-06;684;141.61;684;684
2001;7;2;2001-07-07;2001-07-13;684;4;684;684
2001;7;3;2001-07-14;2001-07-20;684;4;684;684
2001;7;4;2001-07-21;2001-07-27;684;86.94;684;684
2001;7;5;2001-07-28;2001-08-03;684;4;684;684
2001;8;6;2001-08-04;2001-08-10;684;4;684;684
2001;8;7;2001-08-11;2001-08-17;684;37.12;684;684
2001;8;8;2001-08-18;2001-08-24;684;60.62;684;684
2001;8;9;2001-08-25;2001-08-31;684;86.94;684;684
2001;9;10;2001-09-01;2001-09-07;684;93.24;684;684
2001;9;11;2001-09-08;2001-09-14;684;63.55;684;684
2001;9;12;2001-09-15;2001-09-21;684;79.72;684;684
2001;9;13;2001-09-22;2001-09-28;336;63.55;562.15;336
2001;9;14;2001-09-29;2001-10-05;336;63.55;562.15;336
2001;10;15;2001-10-06;2001-10-12;336;4;562.15;336
2001;10;16;2001-10-13;2001-10-19;336;4;562.15;336
2001;10;17;2001-10-20;2001-10-26;336;4;562.15;336
2001;10;18;2001-10-27;2001-11-02;336;4;562.15;336
2001;11;19;2001-11-03;2001-11-09;336;41.74;562.15;336
2001;11;20;2001-11-10;2001-11-16;336;46.62;562.15;336
2001;11;21;2001-11-17;2001-11-23;336;41.74;562.15;336
2001;11;22;2001-11-24;2001-11-30;336;31.82;562.15;336
2001;12;23;2001-12-01;2001-12-07;336;4;562.15;336
2001;12;24;2001-12-08;2001-12-14;336;4;562.15;336
2001;12;25;2001-12-15;2001-12-21;336;49.3;562.15;336
2001;12;26;2001-12-22;2001-12-28;336;41.74;562.15;336
2001;12;27;2001-12-29;2001-12-31;336;41.74;562.15;336
2002;1;28;2002-01-01;2002-01-04;336;41.74;562.15;4
2002;1;29;2002-01-05;2002-01-11;336;64.04;562.15;4
2002;1;30;2002-01-12;2002-01-18;336;64.04;562.15;4
2002;1;31;2002-01-19;2002-01-25;336;64.04;562.15;4
2002;1;32;2002-01-26;2002-02-01;134.76;8.88;319.41;4.19
2002;2;33;2002-02-02;2002-02-08;134.76;10.82;319.41;5.17
2002;2;34;2002-02-09;2002-02-15;9.25;8.88;319.41;4.19
2002;2;35;2002-02-16;2002-02-22;5.42;5.14;319.41;4
2002;2;36;2002-02-23;2002-02-28;8.14;6.97;319.41;4.49
2002;3;37;2002-03-02;2002-03-08;4.66;4.12;4;4
2002;3;38;2002-03-09;2002-03-15;8.7;8.38;4.88;4.88
2002;3;39;2002-03-16;2002-03-22;13.1;12.32;7.32;7.32
2002;3;40;2002-03-23;2002-03-29;12.3;11.21;7.04;7.04
2002;3;41;2002-03-30;2002-04-05;11.64;11.64;6.17;6.17
2002;4;42;2002-04-06;2002-04-12;10.87;11.09;5.72;5.72
2002;4;43;2002-04-13;2002-04-19;15.84;17.03;8.71;8.71
2002;4;44;2002-04-20;2002-04-26;15.96;16.37;8.75;8.75
2002;4;45;2002-04-27;2002-05-03;20.11;20.09;4;20.11
2002;5;46;2002-05-04;2002-05-10;25.31;26.67;4.38;25.31
2002;5;47;2002-05-11;2002-05-17;18.95;20.13;4;4
2002;5;48;2002-05-18;2002-05-24;20.89;22.86;4.13;4.13
2002;5;49;2002-05-25;2002-05-31;12.92;11.36;4;4
2002;6;50;2002-06-01;2002-06-07;8.91;4;5.57;5.57
2002;6;51;2002-06-08;2002-06-14;14.21;14.14;7.69;6.6
2002;6;52;2002-06-15;2002-06-21;14.42;13.91;7.73;7.16
2002;6;53;2002-06-22;2002-06-28;15.3;14.09;7.61;6.3
2002;6;54;2002-06-29;2002-07-05;15.97;15.95;15.89;15.57
2002;7;55;2002-07-06;2002-07-12;17.79;17.79;17.52;14.12
2002;7;56;2002-07-13;2002-07-19;17.9;17.9;17.35;12.19
2002;7;57;2002-07-20;2002-07-26;16.22;16.22;15.59;12.36
2002;7;58;2002-07-27;2002-08-02;14.69;16.21;15.44;14.69
2002;8;59;2002-08-03;2002-08-09;13.6;15.39;13.52;13.3
2002;8;60;2002-08-10;2002-08-16;9.43;9.37;11.72;9.43
2002;8;61;2002-08-17;2002-08-23;10.08;10.02;12.41;10.08
2002;8;62;2002-08-24;2002-08-30;11.83;11.94;14.07;11.83
2002;8;63;2002-08-31;2002-09-06;6.93;6.93;5.9;5.9
2002;9;64;2002-09-07;2002-09-13;6.53;7.09;5.75;5.75
2002;9;65;2002-09-14;2002-09-20;5.9;6.08;5.54;5.54
2002;9;66;2002-09-21;2002-09-27;4.87;4.74;4.86;4.86
2002;9;67;2002-09-28;2002-10-04;4;4;4;4
2002;10;68;2002-10-05;2002-10-11;4;4;4;4
2002;10;69;2002-10-12;2002-10-18;4.09;4;4.01;4.01
2002;10;70;2002-10-19;2002-10-25;4.87;4;4.62;4.62
2002;10;71;2002-10-26;2002-11-01;7.24;7.24;6.61;6.61
2002;11;72;2002-11-02;2002-11-08;7.21;4;6.72;6.72
2002;11;73;2002-11-09;2002-11-15;5.92;4;5.66;5.77
2002;11;74;2002-11-16;2002-11-22;6.29;4;5.9;5.9
2002;11;75;2002-11-23;2002-11-29;6.37;5.67;5.67;6.98
2002;11;76;2002-11-30;2002-12-06;5.58;5.18;5.66;5.84
2002;12;77;2002-12-07;2002-12-13;5.65;4;5.74;7.16
2002;12;78;2002-12-14;2002-12-20;5.64;4;6.13;9.46
2002;12;79;2002-12-21;2002-12-27;4;4;4.01;4.01
2002;12;80;2002-12-28;2003-01-03;4;4;4;4
2003;1;81;2003-01-04;2003-01-10;4.17;4.1;5.23;5.23
2003;1;82;2003-01-11;2003-01-17;4;4;4;4
2003;1;83;2003-01-18;2003-01-24;4.06;4;4.25;4.06
2003;1;84;2003-01-25;2003-01-31;4;4;4;4
2003;2;85;2003-02-01;2003-02-07;4;4;4;4
2003;2;86;2003-02-08;2003-02-14;4;4;4;4
2003;2;87;2003-02-15;2003-02-21;4;4;4;4
2003;2;88;2003-02-22;2003-02-28;4;4;4;4
2003;3;89;2003-03-01;2003-03-07;4;4;4;4
2003;3;90;2003-03-08;2003-03-14;4;4;4;4
2003;3;91;2003-03-15;2003-03-21;4;4;4;4
2003;3;92;2003-03-22;2003-03-28;4;4;4;4
2003;3;93;2003-03-29;2003-03-31;4;4;4;4
2003;4;94;2003-04-01;2003-04-04;5.48;5.48;5.48;5.48
2003;4;95;2003-04-05;2003-04-11;5.48;5.48;5.48;5.48
2003;4;96;2003-04-12;2003-04-18;5.48;5.48;5.48;5.48
2003;4;97;2003-04-19;2003-04-25;5.48;5.48;5.48;5.48
2003;4;98;2003-04-26;2003-05-02;5.48;5.48;5.48;5.48
2003;5;99;2003-05-03;2003-05-09;6.65;6.65;5.57;5.49
2003;5;100;2003-05-10;2003-05-16;6.64;6.64;5.96;5.79
2003;5;101;2003-05-17;2003-05-23;7.25;7.25;6.25;6.25
2003;5;102;2003-05-24;2003-05-30;8.52;8.52;7.1;7.1
2003;5;103;2003-05-31;2003-06-06;12.03;12.03;11.49;9.31
2003;6;104;2003-06-07;2003-06-13;12.11;12.11;11.31;11.31
2003;6;105;2003-06-14;2003-06-20;9.17;9.17;9.17;9.17
2003;6;106;2003-06-21;2003-06-27;10.72;10.72;10.55;10.55
2003;6;107;2003-06-28;2003-07-04;13.52;13.52;9.98;13.52
2003;7;108;2003-07-05;2003-07-11;14.39;14.67;10.33;14.35
2003;7;109;2003-07-12;2003-07-18;13.85;16.96;10.84;13.79
2003;7;110;2003-07-19;2003-07-25;11.87;11.89;9.04;11.84
2003;7;111;2003-07-26;2003-08-01;12.05;12.13;9.08;12.02
2003;8;112;2003-08-02;2003-08-08;15.6;17.16;13.12;15.52
2003;8;113;2003-08-09;2003-08-15;18.67;18.98;14.31;18.66
2003;8;114;2003-08-16;2003-08-22;17.47;18.75;13.64;17.39
2003;8;115;2003-08-23;2003-08-29;16.81;20.34;12.93;16.72
2003;8;116;2003-08-30;2003-09-05;16.88;18.76;13.77;16.88
2003;9;117;2003-09-06;2003-09-12;17.72;20.41;14.3;17.72
2003;9;118;2003-09-13;2003-09-19;17.03;19.53;13.62;17.03
2003;9;119;2003-09-20;2003-09-26;17.93;20.56;16.95;17.93
2003;9;120;2003-09-27;2003-10-03;23.91;24.37;20.02;23.91
2003;10;121;2003-10-04;2003-10-10;26.65;27.3;21.13;26.65
2003;10;122;2003-10-11;2003-10-17;26.83;27.69;20.05;26.83
2003;10;123;2003-10-18;2003-10-24;22.7;23.01;17.32;22.69
2003;10;124;2003-10-25;2003-10-31;27.87;28.01;20.95;27.5
2003;11;125;2003-11-01;2003-11-07;24.35;25.93;20.5;24.11
2003;11;126;2003-11-08;2003-11-14;27.67;30.56;23.2;27.67
2003;11;127;2003-11-15;2003-11-21;31.9;35.12;26.7;31.9
2003;11;128;2003-11-22;2003-11-28;29.19;29.3;29.19;29.19
2003;11;129;2003-11-29;2003-11-30;24.63;24.63;21.95;23.62
2003;12;130;2003-12-01;2003-12-05;24.79;24.79;82.72;24.25
2003;12;131;2003-12-06;2003-12-12;23.47;23.47;82.72;22.89
2003;12;132;2003-12-13;2003-12-19;16.95;16.95;16.95;16.95
2003;12;133;2003-12-20;2003-12-26;18.82;18.81;18.45;18.82
2003;12;134;2003-12-27;2004-01-02;17.39;17.39;58.24;17.2
2004;1;135;2004-01-03;2004-01-09;27.05;27.05;412.83;26.97
2004;1;136;2004-01-10;2004-01-16;25.34;25.34;299.73;25.06
2004;1;137;2004-01-17;2004-01-23;17.58;17.58;315.21;16.95
2004;1;138;2004-01-24;2004-01-30;27.28;27.28;255.33;18.59
2004;1;139;2004-01-31;2004-02-06;18.59;18.59;18.59;18.59
2004;2;140;2004-02-07;2004-02-13;18.59;18.59;18.59;18.59
2004;2;141;2004-02-14;2004-02-20;18.59;18.59;18.59;18.59
2004;2;142;2004-02-21;2004-02-27;18.59;18.59;18.59;18.59
2004;2;143;2004-02-28;2004-03-05;18.59;18.59;18.59;18.59
2004;3;144;2004-03-06;2004-03-12;18.59;18.59;18.59;18.59
2004;3;145;2004-03-13;2004-03-19;18.59;18.59;18.59;18.59
2004;3;146;2004-03-20;2004-03-26;18.59;18.59;18.59;18.59
2004;3;147;2004-03-27;2004-04-02;18.59;18.59;18.59;18.59
2004;4;148;2004-04-03;2004-04-09;18.59;18.59;18.59;18.59
2004;4;149;2004-04-10;2004-04-16;18.59;18.59;18.59;18.59
2004;4;150;2004-04-17;2004-04-23;18.59;18.59;18.59;18.59
2004;4;151;2004-04-24;2004-04-30;18.59;18.59;18.59;18.59
2004;5;152;2004-05-01;2004-05-07;18.59;18.59;18.59;18.59
2004;5;153;2004-05-08;2004-05-14;18.59;18.59;18.59;18.59
2004;5;154;2004-05-15;2004-05-21;18.59;18.59;18.59;18.59
2004;5;155;2004-05-22;2004-05-28;18.59;18.59;18.59;18.59
2004;5;156;2004-05-29;2004-06-04;18.59;18.59;18.59;18.59
2004;6;157;2004-06-05;2004-06-11;18.59;18.59;18.59;18.59
2004;6;158;2004-06-12;2004-06-18;18.59;18.59;18.59;18.59
2004;6;159;2004-06-19;2004-06-25;18.59;18.59;18.59;18.59
2004;6;160;2004-06-26;2004-07-02;18.59;18.59;18.59;18.59
2004;7;161;2004-07-03;2004-07-09;18.59;18.59;18.59;18.59
2004;7;162;2004-07-10;2004-07-16;18.59;18.59;18.59;18.59
2004;7;163;2004-07-17;2004-07-23;18.59;18.59;18.59;18.59
2004;7;164;2004-07-24;2004-07-30;18.59;18.59;18.59;18.59
2004;7;165;2004-07-31;2004-08-06;18.59;18.59;18.59;18.59
2004;8;166;2004-08-07;2004-08-13;18.59;18.59;18.59;18.59
2004;8;167;2004-08-14;2004-08-20;18.59;18.59;18.59;18.59
2004;8;168;2004-08-21;2004-08-27;18.59;18.59;18.59;18.59
2004;8;169;2004-08-28;2004-09-03;18.59;18.59;18.59;18.59
2004;9;170;2004-09-04;2004-09-10;18.59;18.59;18.59;18.59
2004;9;171;2004-09-11;2004-09-17;18.59;18.59;18.59;18.59
2004;9;172;2004-09-18;2004-09-24;18.59;18.59;18.59;18.59
2004;9;173;2004-09-25;2004-10-01;18.59;18.59;18.59;18.59
2004;10;174;2004-10-02;2004-10-08;18.59;18.59;18.59;18.59
2004;10;175;2004-10-09;2004-10-15;19.32;19.32;18.59;19.32
2004;10;176;2004-10-16;2004-10-22;18.59;18.59;18.59;18.59
2004;10;177;2004-10-23;2004-10-29;18.59;18.59;18.59;18.59
2004;10;178;2004-10-30;2004-11-05;18.59;18.59;18.59;18.59
2004;11;179;2004-11-06;2004-11-12;18.59;18.59;18.59;18.59
2004;11;180;2004-11-13;2004-11-19;18.59;18.59;18.59;18.59
2004;11;181;2004-11-20;2004-11-26;18.59;18.59;18.59;18.59
2004;11;182;2004-11-27;2004-12-03;18.59;18.59;18.59;18.59
2004;12;183;2004-12-04;2004-12-10;18.59;18.59;18.59;18.59
2004;12;184;2004-12-11;2004-12-17;18.59;18.59;18.59;18.59
2004;12;185;2004-12-18;2004-12-24;18.59;18.59;18.59;18.59
2004;12;186;2004-12-25;2004-12-31;18.59;18.59;18.59;18.59
2005;1;187;2005-01-01;2005-01-07;18.33;18.33;18.33;18.33
2005;1;188;2005-01-08;2005-01-14;18.33;18.33;18.33;18.33
2005;1;189;2005-01-15;2005-01-21;18.33;18.33;18.33;18.33
2005;1;190;2005-01-22;2005-01-28;18.33;18.33;18.33;18.33
2005;1;191;2005-01-29;2005-02-04;18.33;18.33;18.33;18.33
2005;2;192;2005-02-05;2005-02-11;18.33;18.33;18.33;18.33
2005;2;193;2005-02-12;2005-02-18;18.33;18.33;18.33;18.33
2005;2;194;2005-02-19;2005-02-25;18.33;18.33;18.33;18.33
2005;2;195;2005-02-26;2005-03-04;18.33;24.6;18.33;18.33
2005;3;196;2005-03-05;2005-03-11;18.33;26.74;18.33;18.33
2005;3;197;2005-03-12;2005-03-18;18.33;25.1;18.33;18.33
2005;3;198;2005-03-19;2005-03-25;18.33;25.08;18.33;18.33
2005;3;199;2005-03-26;2005-04-01;18.33;32.28;18.33;18.33
2005;4;200;2005-04-02;2005-04-08;18.33;133.75;18.33;18.33
2005;4;201;2005-04-09;2005-04-15;19.83;37.81;18.33;18.33
2005;4;202;2005-04-16;2005-04-22;25.3;74;18.33;18.33
2005;4;203;2005-04-23;2005-04-29;33.69;98.93;18.33;20.09
2005;4;204;2005-04-30;2005-05-06;48.08;72.54;18.33;21.6
2005;5;205;2005-05-07;2005-05-13;42.25;98.08;18.33;20.89
2005;5;206;2005-05-14;2005-05-20;49.39;131.08;18.33;21.66
2005;5;207;2005-05-21;2005-05-27;45.6;47.91;18.33;18.33
2005;5;208;2005-05-28;2005-06-03;28.53;22.87;18.33;18.33
2005;6;209;2005-06-04;2005-06-10;18.33;18.33;18.33;18.33
2005;6;210;2005-06-11;2005-06-17;31.52;31.52;18.33;31.52
2005;6;211;2005-06-18;2005-06-24;30.3;27.15;18.33;30.3
2005;6;212;2005-06-25;2005-07-01;24.44;19.04;18.33;24.44
2005;7;213;2005-07-02;2005-07-08;26.36;26.32;18.33;26.36
2005;7;214;2005-07-09;2005-07-15;32.79;32.79;18.33;32.79
2005;7;215;2005-07-16;2005-07-22;35.45;35.45;18.33;35.45
2005;7;216;2005-07-23;2005-07-29;34.3;34.3;18.33;34.3
2005;7;217;2005-07-30;2005-08-05;28.67;28.67;18.33;28.67
2005;8;218;2005-08-06;2005-08-12;27.41;27.41;18.33;27.41
2005;8;219;2005-08-13;2005-08-19;37.72;37.72;18.33;37.72
2005;8;220;2005-08-20;2005-08-26;33.34;33.34;18.33;33.34
2005;8;221;2005-08-27;2005-09-02;47.44;47.44;19.41;47.44
2005;9;222;2005-09-03;2005-09-09;39.49;39.49;18.33;39.49
2005;9;223;2005-09-10;2005-09-16;32.08;27.21;18.33;32.08
2005;9;224;2005-09-17;2005-09-23;27.96;24.32;18.33;27.96
2005;9;225;2005-09-24;2005-09-30;23.8;21.52;18.33;23.8
2005;10;226;2005-10-01;2005-10-07;36.87;18.33;18.33;36.87
2005;10;227;2005-10-08;2005-10-14;40.61;20.56;18.33;40.61
2005;10;228;2005-10-15;2005-10-21;42.64;18.33;18.33;42.64
2005;10;229;2005-10-22;2005-10-28;49.91;18.33;19.5;49.91
2005;10;230;2005-10-29;2005-11-04;48.85;18.33;21.03;48.85
2005;11;231;2005-11-05;2005-11-11;32.19;18.33;18.58;32.19
2005;11;232;2005-11-12;2005-11-18;33.18;18.33;18.54;33.18
2005;11;233;2005-11-19;2005-11-25;36.7;33.37;21.36;36.7
2005;11;234;2005-11-26;2005-12-02;32.4;32.32;20.04;32.4
2005;12;235;2005-12-03;2005-12-09;18.33;18.33;18.33;18.33
2005;12;236;2005-12-10;2005-12-16;18.33;18.33;18.33;18.33
2005;12;237;2005-12-17;2005-12-23;18.33;18.33;18.33;18.33
2005;12;238;2005-12-24;2005-12-30;18.33;18.33;18.33;18.33
2005;12;239;2005-12-31;2006-01-06;16.92;16.92;16.92;16.92
2006;1;240;2006-01-07;2006-01-13;16.92;16.92;16.92;16.92
2006;1;241;2006-01-14;2006-01-20;16.92;16.92;16.92;16.92
2006;1;242;2006-01-21;2006-01-27;39.69;40.31;16.92;16.92
2006;1;243;2006-01-28;2006-02-03;68.04;68.04;34.12;34.12
2006;2;244;2006-02-04;2006-02-10;60.7;61.8;37.53;16.92
2006;2;245;2006-02-11;2006-02-17;85.25;85.25;44.93;44.93
2006;2;246;2006-02-18;2006-02-24;35.41;53.73;30.66;30.66
2006;2;247;2006-02-25;2006-03-03;38.26;43.13;39.91;16.92
2006;3;248;2006-03-04;2006-03-10;39.29;44.58;39.95;16.92
2006;3;249;2006-03-11;2006-03-17;16.92;44.83;39.18;16.92
2006;3;250;2006-03-18;2006-03-24;16.92;41.72;32.67;16.92
2006;3;251;2006-03-25;2006-03-31;36.89;39.31;30.97;25.88
2006;4;252;2006-04-01;2006-04-07;23.42;23.55;16.92;16.92
2006;4;253;2006-04-08;2006-04-14;21.47;21.94;16.92;16.92
2006;4;254;2006-04-15;2006-04-21;17.38;17.47;16.92;16.92
2006;4;255;2006-04-22;2006-04-28;16.92;16.92;16.92;16.92
2006;4;256;2006-04-29;2006-05-05;36.34;36.63;16.92;16.92
2006;5;257;2006-05-06;2006-05-12;49.11;49.42;18.9;17.14
2006;5;258;2006-05-13;2006-05-19;56.29;56.29;20.82;16.92
2006;5;259;2006-05-20;2006-05-26;55.63;56.38;20.25;16.92
2006;5;260;2006-05-27;2006-06-02;60;61.98;21.84;16.92
2006;6;261;2006-06-03;2006-06-09;61.86;63.92;22.38;16.92
2006;6;262;2006-06-10;2006-06-16;64.72;66.84;23.15;23.15
2006;6;263;2006-06-17;2006-06-23;74.19;76.86;24.4;74.19
2006;6;264;2006-06-24;2006-06-30;73.07;74.91;24.29;73.07
2006;7;265;2006-07-01;2006-07-07;92.72;93.9;28.72;92.72
2006;7;266;2006-07-08;2006-07-14;88.16;89.15;28.57;88.16
2006;7;267;2006-07-15;2006-07-21;85.43;85.43;28.42;85.43
2006;7;268;2006-07-22;2006-07-28;91.25;91.25;28.83;91.26
2006;7;269;2006-07-29;2006-08-04;105.25;105.71;49.03;105.25
2006;8;270;2006-08-05;2006-08-11;99.86;100.58;47.76;99.86
2006;8;271;2006-08-12;2006-08-18;99.09;99.09;48.85;99.09
2006;8;272;2006-08-19;2006-08-25;97.04;97.04;49.76;97.04
2006;8;273;2006-08-26;2006-09-01;126.82;126.82;64.89;126.82
2006;9;274;2006-09-02;2006-09-08;124.44;124.44;66.75;124.44
2006;9;275;2006-09-09;2006-09-15;116.71;116.71;66.48;116.71
2006;9;276;2006-09-16;2006-09-22;126.73;126.73;69.83;126.73
2006;9;277;2006-09-23;2006-09-29;129.42;129.42;74.03;129.42
2006;9;278;2006-09-30;2006-10-06;107.89;107.89;52.23;107.89
2006;10;279;2006-10-07;2006-10-13;113.51;113.51;52.62;113.51
2006;10;280;2006-10-14;2006-10-20;82.01;82.01;48.13;82.01
2006;10;281;2006-10-21;2006-10-27;81.32;81.32;45.52;81.32
2006;10;282;2006-10-28;2006-11-03;70.01;70.01;24.11;70.01
2006;11;283;2006-11-04;2006-11-10;94.81;94.81;33.29;94.81
2006;11;284;2006-11-11;2006-11-17;68.68;68.68;23.56;68.68
2006;11;285;2006-11-18;2006-11-24;79.45;79.45;22.95;79.45
2006;11;286;2006-11-25;2006-12-01;85.79;85.79;16.92;85.79
2006;12;287;2006-12-02;2006-12-08;79.07;79.07;19.64;79.07
2006;12;288;2006-12-09;2006-12-15;70.11;70.11;16.92;70.11
2006;12;289;2006-12-16;2006-12-22;52.1;52.1;16.92;16.92
2006;12;290;2006-12-23;2006-12-29;36.44;36.79;16.92;16.92
2006;12;291;2006-12-30;2007-01-05;36.14;42.84;17.59;17.59
2007;1;292;2007-01-06;2007-01-12;26.49;37.58;17.59;17.59
2007;1;293;2007-01-13;2007-01-19;17.59;17.59;17.59;17.59
2007;1;294;2007-01-20;2007-01-26;17.59;17.59;17.59;17.59
2007;1;295;2007-01-27;2007-02-02;17.59;17.59;17.59;17.59
2007;2;296;2007-02-03;2007-02-09;17.59;17.59;17.59;17.59
2007;2;297;2007-02-10;2007-02-16;17.59;17.59;17.59;17.59
2007;2;298;2007-02-17;2007-02-23;17.59;17.59;17.59;17.59
2007;2;299;2007-02-24;2007-03-02;17.59;17.59;17.59;17.59
2007;3;300;2007-03-03;2007-03-09;17.59;17.59;17.59;17.59
2007;3;301;2007-03-10;2007-03-16;17.59;17.59;17.59;17.59
2007;3;302;2007-03-17;2007-03-23;17.59;17.59;17.59;17.59
2007;3;303;2007-03-24;2007-03-30;17.59;17.59;17.59;17.59
2007;3;304;2007-03-31;2007-04-06;17.59;17.59;17.59;17.59
2007;4;305;2007-04-07;2007-04-13;62.73;62.68;17.59;17.59
2007;4;306;2007-04-14;2007-04-20;53.82;53.76;33.94;17.59
2007;4;307;2007-04-21;2007-04-27;56.45;55.25;34.95;34.95
2007;4;308;2007-04-28;2007-05-04;54.74;54.7;43.73;43.73
2007;5;309;2007-05-05;2007-05-11;36.76;20.42;32.28;32.28
2007;5;310;2007-05-12;2007-05-18;44.21;19.63;36.76;36.76
2007;5;311;2007-05-19;2007-05-25;49.92;17.59;39.74;39.74
2007;5;312;2007-05-26;2007-06-01;120.62;17.59;119.72;119.72
2007;6;313;2007-06-02;2007-06-08;103.11;29.15;103.04;103.04
2007;6;314;2007-06-09;2007-06-15;116.74;54.21;116.57;116.57
2007;6;315;2007-06-16;2007-06-22;76.61;67.42;77.6;77.18
2007;6;316;2007-06-23;2007-06-29;82.92;81.49;83.66;83.58
2007;6;317;2007-06-30;2007-07-06;138.99;138.99;130.74;138.99
2007;7;318;2007-07-07;2007-07-13;141.98;141.98;131.97;141.98
2007;7;319;2007-07-14;2007-07-20;130.75;130.45;130.45;130.75
2007;7;320;2007-07-21;2007-07-27;117.02;116.47;117.02;117.02
2007;7;321;2007-07-28;2007-08-03;59.68;57.95;61.67;61.67
2007;8;322;2007-08-04;2007-08-10;29.13;17.59;35.27;29.57
2007;8;323;2007-08-11;2007-08-17;27.97;27.11;37.68;37.68
2007;8;324;2007-08-18;2007-08-24;34.09;33.88;41.68;40.96
2007;8;325;2007-08-25;2007-08-31;57.06;56.58;61.83;61.83
2007;9;326;2007-09-01;2007-09-07;128.2;128.2;126.55;128.2
2007;9;327;2007-09-08;2007-09-14;131.01;131.01;131.01;131.01
2007;9;328;2007-09-15;2007-09-21;147.57;148.7;147.37;147.57
2007;9;329;2007-09-22;2007-09-28;186.48;186.48;186.48;186.48
2007;9;330;2007-09-29;2007-10-05;167.25;167.25;167.25;167.25
2007;10;331;2007-10-06;2007-10-12;172.24;172.24;169.43;172.24
2007;10;332;2007-10-13;2007-10-19;205.77;205.77;205.77;205.77
2007;10;333;2007-10-20;2007-10-26;210.07;210.07;209.89;210.07
2007;10;334;2007-10-27;2007-11-02;237.66;237.66;237.66;237.66
2007;11;335;2007-11-03;2007-11-09;223.91;223.91;223.91;223.91
2007;11;336;2007-11-10;2007-11-16;181.42;181.42;181.42;181.42
2007;11;337;2007-11-17;2007-11-23;150.54;150.54;150.54;150.54
2007;11;338;2007-11-24;2007-11-30;169.55;169.55;169.55;169.55
2007;12;339;2007-12-01;2007-12-07;189.25;189.25;189.25;189.25
2007;12;340;2007-12-08;2007-12-14;212.2;212.2;212.2;212.2
2007;12;341;2007-12-15;2007-12-21;200.48;200.48;200.48;200.48
2007;12;342;2007-12-22;2007-12-28;199.76;199.76;199.76;199.76
2007;12;343;2007-12-29;2008-01-04;247.01;247.01;247.01;247.01
2008;1;344;2008-01-05;2008-01-11;473.14;473.14;473.14;473.14
2008;1;345;2008-01-12;2008-01-18;569.59;569.59;569.59;569.59
2008;1;346;2008-01-19;2008-01-25;569.59;569.59;548.14;569.59
2008;1;347;2008-01-26;2008-02-01;550.28;550.28;550.28;550.28
2008;2;348;2008-02-02;2008-02-08;255;255;256.05;255.06
2008;2;349;2008-02-09;2008-02-15;122.91;123.87;126.3;122.91
2008;2;350;2008-02-16;2008-02-22;160.7;160.7;180.33;160.7
2008;2;351;2008-02-23;2008-02-29;213.52;213.52;247.02;213.52
2008;3;352;2008-03-01;2008-03-07;139.01;139.05;135.46;135.46
2008;3;353;2008-03-08;2008-03-14;133.23;133.23;125.59;125.59
2008;3;354;2008-03-15;2008-03-21;174.63;176.82;167.72;167.72
2008;3;355;2008-03-22;2008-03-28;69.51;77.7;80.48;69.51
2008;3;356;2008-03-29;2008-04-04;84.47;89.33;85.29;59.96
2008;4;357;2008-04-05;2008-04-11;117.1;121.04;113.25;77.75
2008;4;358;2008-04-12;2008-04-18;68.38;71.89;68.38;49.24
2008;4;359;2008-04-19;2008-04-25;32;35.65;48.28;32
2008;4;360;2008-04-26;2008-05-02;40.47;40.49;41.4;30.16
2008;5;361;2008-05-03;2008-05-09;29.05;29.05;29.36;24.33
2008;5;362;2008-05-10;2008-05-16;15.47;15.47;15.47;15.47
2008;5;363;2008-05-17;2008-05-23;34.04;34.04;34.34;27.51
2008;5;364;2008-05-24;2008-05-30;50.52;50.52;51.16;38.22
2008;5;365;2008-05-31;2008-06-06;76.2;76.2;71.93;71.93
2008;6;366;2008-06-07;2008-06-13;76.2;76.2;76.2;76.2
2008;6;367;2008-06-14;2008-06-20;70.41;70.41;70.41;70.41
2008;6;368;2008-06-21;2008-06-27;76.83;76.83;76.83;76.83
2008;6;369;2008-06-28;2008-07-04;88.21;88.21;88.21;88.21
2008;7;370;2008-07-05;2008-07-11;91.37;91.37;91.37;91.37
2008;7;371;2008-07-12;2008-07-18;102.64;102.64;102.64;102.64
2008;7;372;2008-07-19;2008-07-25;110.35;110.35;110.35;110.35
2008;7;373;2008-07-26;2008-08-01;146.3;146.3;146.3;146.3
2008;8;374;2008-08-02;2008-08-08;138.69;138.69;138.69;138.69
2008;8;375;2008-08-09;2008-08-15;118.13;118.13;118.13;118.13
2008;8;376;2008-08-16;2008-08-22;79.16;77.05;79.16;79.16
2008;8;377;2008-08-23;2008-08-29;71.64;66.79;71.61;71.64
2008;8;378;2008-08-30;2008-09-05;93.55;93.25;93.55;93.55
2008;9;379;2008-09-06;2008-09-12;106.1;105.84;106.08;106.1
2008;9;380;2008-09-13;2008-09-19;119.11;118.04;119.06;119.11
2008;9;381;2008-09-20;2008-09-26;121.65;120.97;121.65;121.65
2008;9;382;2008-09-27;2008-10-03;100.48;100.48;100.48;100.48
2008;10;383;2008-10-04;2008-10-10;97.99;97.99;97.99;97.99
2008;10;384;2008-10-11;2008-10-17;75.46;74.34;75.46;75.46
2008;10;385;2008-10-18;2008-10-24;93.31;93.31;93.31;93.31
2008;10;386;2008-10-25;2008-10-31;99.48;99.48;99.48;99.48
2008;11;387;2008-11-01;2008-11-07;104.79;79.29;104.79;104.79
2008;11;388;2008-11-08;2008-11-14;118.37;104.08;118.37;118.37
2008;11;389;2008-11-15;2008-11-21;111.77;100.21;111.77;111.77
2008;11;390;2008-11-22;2008-11-28;92.69;91.04;92.69;92.69
2008;11;391;2008-11-29;2008-12-05;95.54;95.35;95.54;95.54
2008;12;392;2008-12-06;2008-12-12;103.51;103.51;103.51;103.51
2008;12;393;2008-12-13;2008-12-19;113.15;113.15;113.15;113.15
2008;12;394;2008-12-20;2008-12-26;91.57;91.57;91.57;91.57
2008;12;395;2008-12-27;2009-01-02;74.11;74.11;74.11;74.11
2009;1;396;2009-01-03;2009-01-09;28.13;28.13;26.55;26.55
2009;1;397;2009-01-10;2009-01-16;62.52;62.52;61.3;61.3
2009;1;398;2009-01-17;2009-01-23;139.48;139.48;125.44;125.68
2009;1;399;2009-01-24;2009-01-30;109.78;109.87;107.59;107.59
2009;1;400;2009-01-31;2009-02-06;65.31;65.31;16.31;16.31
2009;2;401;2009-02-07;2009-02-13;70.46;70.46;27.06;27.06
2009;2;402;2009-02-14;2009-02-20;56.42;84.61;43.46;43.46
2009;2;403;2009-02-21;2009-02-27;16.31;47.88;16.31;16.31
2009;2;404;2009-02-28;2009-03-06;63.39;63.39;61.01;61.01
2009;3;405;2009-03-07;2009-03-13;82.63;82.63;77.26;16.31
2009;3;406;2009-03-14;2009-03-20;107.86;107.86;95.85;16.31
2009;3;407;2009-03-21;2009-03-27;97.08;98.87;91.91;16.31
2009;3;408;2009-03-28;2009-04-03;106.11;106.11;97.75;16.31
2009;4;409;2009-04-04;2009-04-10;27.96;37.31;30.65;16.31
2009;4;410;2009-04-11;2009-04-17;49.88;49.97;16.31;16.31
2009;4;411;2009-04-18;2009-04-24;38.14;39.15;16.31;16.31
2009;4;412;2009-04-25;2009-05-01;45.48;45.7;16.31;16.31
2009;5;413;2009-05-02;2009-05-08;45.89;45.89;36.36;16.31
2009;5;414;2009-05-09;2009-05-15;36.28;36.57;28.82;16.31
2009;5;415;2009-05-16;2009-05-22;36.23;36.33;28.8;16.31
2009;5;416;2009-05-23;2009-05-29;37.12;37.12;29.6;16.31
2009;5;417;2009-05-30;2009-06-05;37.69;37.69;26.98;16.31
2009;6;418;2009-06-06;2009-06-12;34.99;34.99;25.56;16.31
2009;6;419;2009-06-13;2009-06-19;40.88;40.88;28.86;16.31
2009;6;420;2009-06-20;2009-06-26;42.75;42.75;30.27;30.27
2009;6;421;2009-06-27;2009-07-03;51.64;51.64;43.08;43.08
2009;7;422;2009-07-04;2009-07-10;38.92;38.92;30.4;30.4
2009;7;423;2009-07-11;2009-07-17;31.43;31.43;25.45;25.45
2009;7;424;2009-07-18;2009-07-24;20.77;20.77;17.32;17.32
2009;7;425;2009-07-25;2009-07-31;21.5;21.5;21.5;21.5
2009;8;426;2009-08-01;2009-08-07;16.31;16.31;16.31;16.31
2009;8;427;2009-08-08;2009-08-14;16.31;16.31;16.31;16.31
2009;8;428;2009-08-15;2009-08-21;16.31;16.31;16.31;16.31
2009;8;429;2009-08-22;2009-08-28;16.31;16.31;16.31;16.31
2009;8;430;2009-08-29;2009-09-04;16.31;16.31;16.31;16.31
2009;9;431;2009-09-05;2009-09-11;16.31;16.31;16.31;16.31
2009;9;432;2009-09-12;2009-09-18;16.31;16.31;16.31;16.31
2009;9;433;2009-09-19;2009-09-25;16.31;16.31;16.31;16.31
2009;9;434;2009-09-26;2009-10-02;16.31;16.31;16.31;16.31
2009;10;435;2009-10-03;2009-10-09;16.31;16.31;16.31;16.31
2009;10;436;2009-10-10;2009-10-16;16.31;16.31;16.31;16.31
2009;10;437;2009-10-17;2009-10-23;16.31;16.31;16.31;16.31
2009;10;438;2009-10-24;2009-10-30;16.31;16.31;16.31;16.31
2009;10;439;2009-10-31;2009-11-06;16.31;16.31;16.31;16.31
2009;11;440;2009-11-07;2009-11-13;16.31;16.31;16.31;16.31
2009;11;441;2009-11-14;2009-11-20;16.31;16.31;16.31;16.31
2009;11;442;2009-11-21;2009-11-27;16.31;16.31;16.31;16.31
2009;11;443;2009-11-28;2009-12-04;16.31;16.31;16.31;16.31
2009;12;444;2009-12-05;2009-12-11;16.31;16.31;16.31;16.31
2009;12;445;2009-12-12;2009-12-18;16.31;16.31;16.31;16.31
2009;12;446;2009-12-19;2009-12-25;16.31;16.31;16.31;16.31
2009;12;447;2009-12-26;2010-01-01;16.31;16.31;16.31;16.31
2010;1;448;2010-01-02;2010-01-08;12.8;12.8;12.8;12.8
2010;1;449;2010-01-09;2010-01-15;12.8;12.8;12.8;12.8
2010;1;450;2010-01-16;2010-01-22;12.8;12.8;12.8;12.8
2010;1;451;2010-01-23;2010-01-29;12.8;12.8;12.8;12.8
2010;1;452;2010-01-30;2010-02-05;12.8;12.8;12.8;12.8
2010;2;453;2010-02-06;2010-02-12;12.8;12.8;12.8;12.8
2010;2;454;2010-02-13;2010-02-19;12.8;12.8;14.84;12.8
2010;2;455;2010-02-20;2010-02-26;12.8;12.8;16.97;12.8
2010;2;456;2010-02-27;2010-03-05;28.62;28.62;34.59;28.62
2010;3;457;2010-03-06;2010-03-12;15.85;15.85;20.89;15.85
2010;3;458;2010-03-13;2010-03-19;21.05;21.05;25.68;21.05
2010;3;459;2010-03-20;2010-03-26;35.82;35.82;35.94;35.82
2010;3;460;2010-03-27;2010-04-02;37.88;37.88;38.26;37.88
2010;4;461;2010-04-03;2010-04-09;21.34;21.34;26.6;21.34
2010;4;462;2010-04-10;2010-04-16;12.8;12.8;20.63;12.8
2010;4;463;2010-04-17;2010-04-23;23.97;23.97;24.05;23.96
2010;4;464;2010-04-24;2010-04-30;23.13;23.13;23.32;23.1
2010;5;465;2010-05-01;2010-05-07;23.8;19.94;25.02;23.8
2010;5;466;2010-05-08;2010-05-14;27.28;23.62;30.6;27.28
2010;5;467;2010-05-15;2010-05-21;32.9;32.9;34.48;32.9
2010;5;468;2010-05-22;2010-05-28;35.07;32.67;36.25;35.09
2010;5;469;2010-05-29;2010-06-04;56.48;56.48;56.48;56.48
2010;6;470;2010-06-05;2010-06-11;60.57;60.57;60.57;60.57
2010;6;471;2010-06-12;2010-06-18;59.8;59.8;59.8;59.8
2010;6;472;2010-06-19;2010-06-25;65.73;65.73;65.73;65.73
2010;6;473;2010-06-26;2010-07-02;100.56;100.56;110.68;110.68
2010;7;474;2010-07-03;2010-07-09;102.78;102.78;102.95;102.95
2010;7;475;2010-07-10;2010-07-16;96.21;96.21;98.66;98.66
2010;7;476;2010-07-17;2010-07-23;80.9;80.9;94.51;94.51
2010;7;477;2010-07-24;2010-07-30;73.15;73.14;89.21;89.21
2010;7;478;2010-07-31;2010-08-06;105.27;105.27;105.68;105.68
2010;8;479;2010-08-07;2010-08-13;125.3;125.3;125.75;125.75
2010;8;480;2010-08-14;2010-08-20;117.23;117.23;118.4;118.4
2010;8;481;2010-08-21;2010-08-27;123.44;123.44;123.98;123.91
2010;8;482;2010-08-28;2010-09-03;105.98;105.97;154.88;154.88
2010;9;483;2010-09-04;2010-09-10;126.25;125.41;174.53;174.53
2010;9;484;2010-09-11;2010-09-17;117.26;117.26;171.77;171.77
2010;9;485;2010-09-18;2010-09-24;132.62;132.09;187.76;187.76
2010;9;486;2010-09-25;2010-10-01;168.6;168.6;246.32;246.32
2010;10;487;2010-10-02;2010-10-08;140.59;140.59;221.61;221.61
2010;10;488;2010-10-09;2010-10-15;116.22;116.22;180.45;180.45
2010;10;489;2010-10-16;2010-10-22;143.33;143.33;257.54;257.54
2010;10;490;2010-10-23;2010-10-29;143.66;143.66;292.61;292.61
2010;10;491;2010-10-30;2010-11-05;148.25;148.25;148.25;148.25
2010;11;492;2010-11-06;2010-11-12;120.25;120.25;118.11;120.25
2010;11;493;2010-11-13;2010-11-19;126.57;126.57;125.73;126.57
2010;11;494;2010-11-20;2010-11-26;101.57;101.57;98.71;101.57
2010;11;495;2010-11-27;2010-12-03;80.25;80.25;78.01;80.25
2010;12;496;2010-12-04;2010-12-10;89.92;89.92;82.41;89.92
2010;12;497;2010-12-11;2010-12-17;75.41;75.41;72.65;75.41
2010;12;498;2010-12-18;2010-12-24;63.95;63.95;62.52;63.95
2010;12;499;2010-12-25;2010-12-31;53.36;53.36;53.15;53.36
2011;1;500;2011-01-01;2011-01-07;69;69;69;69
2011;1;501;2011-01-08;2011-01-14;12.08;12.08;12.08;12.08
2011;1;502;2011-01-15;2011-01-21;15.51;15.51;15.37;15.37
2011;1;503;2011-01-22;2011-01-28;21.83;21.83;21.83;21.83
2011;1;504;2011-01-29;2011-02-04;15.49;15.49;23.27;15.49
2011;2;505;2011-02-05;2011-02-11;37.78;37.78;37.78;37.78
2011;2;506;2011-02-12;2011-02-18;54.1;53.62;54.1;54.1
2011;2;507;2011-02-19;2011-02-25;63.3;45.69;62.54;62.54
2011;2;508;2011-02-26;2011-03-04;79.77;56.02;79.05;79.05
2011;3;509;2011-03-05;2011-03-11;12.08;12.08;12.08;12.08
2011;3;510;2011-03-12;2011-03-18;22.52;22.52;29.13;22.52
2011;3;511;2011-03-19;2011-03-25;12.99;12.99;13.5;12.99
2011;3;512;2011-03-26;2011-04-01;12.08;12.08;12.08;12.08
2011;4;513;2011-04-02;2011-04-08;12.08;12.08;12.08;12.08
2011;4;514;2011-04-09;2011-04-15;12.08;12.08;12.08;12.08
2011;4;515;2011-04-16;2011-04-22;12.08;12.08;12.08;12.08
2011;4;516;2011-04-23;2011-04-29;12.08;12.08;12.08;12.08
2011;4;517;2011-04-30;2011-05-06;15.54;15.54;15.57;15.54
2011;5;518;2011-05-07;2011-05-13;13.82;13.82;13.7;13.69
2011;5;519;2011-05-14;2011-05-20;15.48;15.48;15.48;15.48
2011;5;520;2011-05-21;2011-05-27;17.06;17.06;17.06;17.06
2011;5;521;2011-05-28;2011-06-03;30.01;30.01;29.44;29.44
2011;6;522;2011-06-04;2011-06-10;32.79;32.79;32.79;32.79
2011;6;523;2011-06-11;2011-06-17;34.95;34.95;34.95;34.95
2011;6;524;2011-06-18;2011-06-24;29.67;29.67;29.67;29.67
2011;6;525;2011-06-25;2011-07-01;30.41;30.41;30.41;30.41
2011;7;526;2011-07-02;2011-07-08;27.77;27.77;27.77;27.77
2011;7;527;2011-07-09;2011-07-15;23.14;23.14;23.14;23.14
2011;7;528;2011-07-16;2011-07-22;20.97;20.97;20.97;20.97
2011;7;529;2011-07-23;2011-07-29;19.29;19.29;19.51;19.5
2011;7;530;2011-07-30;2011-08-05;23.55;18.85;23.55;23.55
2011;8;531;2011-08-06;2011-08-12;16.17;12.6;16.17;16.17
2011;8;532;2011-08-13;2011-08-19;17.88;15.97;17.88;17.88
2011;8;533;2011-08-20;2011-08-26;24.11;19.3;24.11;24.11
2011;8;534;2011-08-27;2011-09-02;16.54;12.08;16.61;16.61
2011;9;535;2011-09-03;2011-09-09;17.2;12.08;17.2;17.2
2011;9;536;2011-09-10;2011-09-16;20.78;17.28;20.78;20.78
2011;9;537;2011-09-17;2011-09-23;23.56;19.66;23.56;23.56
2011;9;538;2011-09-24;2011-09-30;24.47;20.28;24.47;24.47
2011;10;539;2011-10-01;2011-10-07;42.97;42.81;42.97;42.97
2011;10;540;2011-10-08;2011-10-14;43.13;42.88;43.13;43.13
2011;10;541;2011-10-15;2011-10-21;38.43;38.43;38.45;38.43
2011;10;542;2011-10-22;2011-10-28;23.59;23.59;23.59;23.59
2011;10;543;2011-10-29;2011-11-04;38.21;38.21;38.21;38.21
2011;11;544;2011-11-05;2011-11-11;43.63;43.63;43.63;43.63
2011;11;545;2011-11-12;2011-11-18;39.47;39.47;39.47;39.47
2011;11;546;2011-11-19;2011-11-25;44.9;44.9;44.9;44.9
2011;11;547;2011-11-26;2011-12-02;63.59;63.59;63.59;63.59
2011;12;548;2011-12-03;2011-12-09;51.44;51.44;51.44;51.44
2011;12;549;2011-12-10;2011-12-16;35.12;35.12;28.8;28.8
2011;12;550;2011-12-17;2011-12-23;45.22;45.22;35.04;35.04
2011;12;551;2011-12-24;2011-12-30;40.23;40.23;29.63;29.63
2011;12;552;2011-12-31;2012-01-06;46.71;46.71;16.01;16.01
2012;1;553;2012-01-07;2012-01-13;29.28;29.28;12.2;12.2
2012;1;554;2012-01-14;2012-01-20;12.2;12.2;12.2;12.2
2012;1;555;2012-01-21;2012-01-27;12.2;12.2;12.2;12.2
2012;1;556;2012-01-28;2012-02-03;15.62;15.62;12.2;12.2
2012;2;557;2012-02-04;2012-02-10;36.88;36.88;12.2;12.2
2012;2;558;2012-02-11;2012-02-17;55.13;55.13;12.2;12.2
2012;2;559;2012-02-18;2012-02-24;62.77;62.77;12.2;12.2
2012;2;560;2012-02-25;2012-03-02;67.55;67.55;14.35;14.35
2012;3;561;2012-03-03;2012-03-09;97.15;97.15;86.52;86.52
2012;3;562;2012-03-10;2012-03-16;137.24;137.24;116.8;116.8
2012;3;563;2012-03-17;2012-03-23;140.63;140.63;119.17;119.17
2012;3;564;2012-03-24;2012-03-30;132.55;132.55;132.55;132.55
2012;3;565;2012-03-31;2012-04-06;185.65;185.65;168.38;168.38
2012;4;566;2012-04-07;2012-04-13;192.04;196.21;187.17;187.17
2012;4;567;2012-04-14;2012-04-20;202.08;210.95;180.89;180.89
2012;4;568;2012-04-21;2012-04-27;191.6;191.6;191.6;191.6
2012;4;569;2012-04-28;2012-05-04;189.07;189.07;184.51;184.51
2012;5;570;2012-05-05;2012-05-11;179.96;179.96;179.96;179.96
2012;5;571;2012-05-12;2012-05-18;170.51;170.51;170.51;170.51
2012;5;572;2012-05-19;2012-05-25;190.84;190.84;190.84;190.84
2012;5;573;2012-05-26;2012-06-01;177.28;177.28;177.28;177.28
2012;6;574;2012-06-02;2012-06-08;146.75;146.75;146.75;146.75
2012;6;575;2012-06-09;2012-06-15;147.83;147.83;147.83;147.83
2012;6;576;2012-06-16;2012-06-22;102.87;102.87;102.87;102.87
2012;6;577;2012-06-23;2012-06-29;76.95;76.95;77.62;76.95
2012;6;578;2012-06-30;2012-07-06;56.3;56.29;56.3;56.3
2012;7;579;2012-07-07;2012-07-13;95;95;95;95
2012;7;580;2012-07-14;2012-07-20;106.43;106.43;106.43;106.43
2012;7;581;2012-07-21;2012-07-27;103.86;103.86;103.86;103.86
2012;7;582;2012-07-28;2012-08-03;88.35;88.35;88.35;88.35
2012;8;583;2012-08-04;2012-08-10;106.59;106.59;106.59;106.59
2012;8;584;2012-08-11;2012-08-17;116.3;116.3;116.3;116.3
2012;8;585;2012-08-18;2012-08-24;128.76;128.64;128.76;128.76
2012;8;586;2012-08-25;2012-08-31;137.76;137.76;137.76;137.76
2012;9;587;2012-09-01;2012-09-07;173.95;173.95;173.95;173.95
2012;9;588;2012-09-08;2012-09-14;181.4;181.4;181.4;181.4
2012;9;589;2012-09-15;2012-09-21;190.19;190.19;190.19;190.19
2012;9;590;2012-09-22;2012-09-28;187.45;187.45;187.45;187.45
2012;9;591;2012-09-29;2012-10-05;180.51;180.51;184.15;184.15
2012;10;592;2012-10-06;2012-10-12;243.09;243.09;256.3;256.3
2012;10;593;2012-10-13;2012-10-19;322.49;322.49;329.04;329.04
2012;10;594;2012-10-20;2012-10-26;288.17;288.17;330.39;330.39
2012;10;595;2012-10-27;2012-11-02;361.89;361.89;361.89;361.89
2012;11;596;2012-11-03;2012-11-09;429.01;429.01;429.01;429.01
2012;11;597;2012-11-10;2012-11-16;451.82;451.82;451.82;451.82
2012;11;598;2012-11-17;2012-11-23;315.12;315.12;315.12;315.12
2012;11;599;2012-11-24;2012-11-30;310.18;310.18;310.18;310.18
2012;12;600;2012-12-01;2012-12-07;203.27;203.27;203.27;203.27
2012;12;601;2012-12-08;2012-12-14;271.65;271.65;271.65;271.65
2012;12;602;2012-12-15;2012-12-21;184.86;184.86;184.69;184.69
2012;12;603;2012-12-22;2012-12-28;343.4;343.4;315.53;315.53
2012;12;604;2012-12-29;2013-01-04;341.66;341.66;341.66;341.66
2013;1;605;2013-01-05;2013-01-11;554.82;554.82;551.68;551.68
2013;1;606;2013-01-12;2013-01-18;339.83;339.83;339.83;339.83
2013;1;607;2013-01-19;2013-01-25;479.82;479.82;478.5;478.5
2013;1;608;2013-01-26;2013-02-01;307.52;307.52;290.91;290.91
2013;2;609;2013-02-02;2013-02-08;174.99;174.99;174.99;174.99
2013;2;610;2013-02-09;2013-02-15;156.62;156.62;152.61;152.61
2013;2;611;2013-02-16;2013-02-22;214.62;214.62;213.35;213.35
2013;2;612;2013-02-23;2013-03-01;312.59;312.59;312.59;312.59
2013;3;613;2013-03-02;2013-03-08;373.9;373.9;372.56;372.56
2013;3;614;2013-03-09;2013-03-15;341.98;341.98;341.75;341.75
2013;3;615;2013-03-16;2013-03-22;338.89;338.89;338.89;338.89
2013;3;616;2013-03-23;2013-03-29;319.56;319.56;321.51;319.56
2013;3;617;2013-03-30;2013-04-05;299.64;299.64;299.64;299.64
2013;4;618;2013-04-06;2013-04-12;189.11;189.11;189.79;189.11
2013;4;619;2013-04-13;2013-04-19;150.3;150.3;151.25;150.3
2013;4;620;2013-04-20;2013-04-26;128.33;128.33;131.47;128.33
2013;4;621;2013-04-27;2013-05-03;277.68;277.68;278.7;277.68
2013;5;622;2013-05-04;2013-05-10;349.42;348.25;345.77;345.77
2013;5;623;2013-05-11;2013-05-17;356.57;356.57;356.57;356.57
2013;5;624;2013-05-18;2013-05-24;354.32;354.32;354.32;354.32
2013;5;625;2013-05-25;2013-05-31;356.02;356.02;356.02;356.02
2013;6;626;2013-06-01;2013-06-07;323.54;323.54;323.54;323.54
2013;6;627;2013-06-08;2013-06-14;180.62;180.62;181.1;180.62
2013;6;628;2013-06-15;2013-06-21;192.06;192.06;192.06;192.06
2013;6;629;2013-06-22;2013-06-28;166.07;165.94;166.07;166.07
2013;6;630;2013-06-29;2013-07-05;97.15;55.54;99.43;97.58
2013;7;631;2013-07-06;2013-07-12;106.35;73.76;106.35;106.35
2013;7;632;2013-07-13;2013-07-19;123.73;100.14;123.73;123.73
2013;7;633;2013-07-20;2013-07-26;128.18;128.18;128.18;128.18
2013;7;634;2013-07-27;2013-08-02;153.04;153.04;153.04;153.04
2013;8;635;2013-08-03;2013-08-09;165.67;165.67;165.67;165.67
2013;8;636;2013-08-10;2013-08-16;147.27;96.7;149.1;147.27
2013;8;637;2013-08-17;2013-08-23;172.59;162.66;174.37;172.59
2013;8;638;2013-08-24;2013-08-30;157.3;139.82;159.49;157.3
2013;8;639;2013-08-31;2013-09-06;258.13;251.28;258.13;258.13
2013;9;640;2013-09-07;2013-09-13;270.23;260.95;270.23;270.23
2013;9;641;2013-09-14;2013-09-20;274.92;274.92;274.92;274.92
2013;9;642;2013-09-21;2013-09-27;260.92;247.45;272.51;272.51
2013;9;643;2013-09-28;2013-10-04;265.42;175.7;267.3;267.3
2013;10;644;2013-10-05;2013-10-11;242;93.11;254.75;242
2013;10;645;2013-10-12;2013-10-18;247.56;235.66;253.27;253.27
2013;10;646;2013-10-19;2013-10-25;249.21;243.87;270.87;249.21
2013;10;647;2013-10-26;2013-11-01;309.23;309.23;309.23;309.23
2013;11;648;2013-11-02;2013-11-08;316.38;316.38;316.38;316.38
2013;11;649;2013-11-09;2013-11-15;317.87;317.87;317.87;317.87
2013;11;650;2013-11-16;2013-11-22;336.58;336.58;336.58;336.58
2013;11;651;2013-11-23;2013-11-29;359.46;359.46;359.46;359.46
2013;11;652;2013-11-30;2013-12-06;309.62;309.62;309.62;309.62
2013;12;653;2013-12-07;2013-12-13;276.99;276.99;280.78;276.99
2013;12;654;2013-12-14;2013-12-20;308.1;308.1;309.33;308.1
2013;12;655;2013-12-21;2013-12-27;294.31;294.31;294.31;294.31
2013;12;656;2013-12-28;2014-01-03;249.92;249.92;249.92;249.92
2014;1;657;2014-01-04;2014-01-10;284.27;284.27;284.27;224.82
2014;1;658;2014-01-11;2014-01-17;388.98;388.98;391.8;388.98
2014;1;659;2014-01-18;2014-01-24;410.2;410.2;410.2;410.2
2014;1;660;2014-01-25;2014-01-31;484.43;484.43;486.59;484.43
2014;2;661;2014-02-01;2014-02-07;822.83;822.83;822.83;822.83
2014;2;662;2014-02-08;2014-02-14;822.83;822.83;740.56;205.95
2014;2;663;2014-02-15;2014-02-21;822.83;822.83;730.19;574.31
2014;2;664;2014-02-22;2014-02-28;822.83;822.83;730.17;205.95
2014;3;665;2014-03-01;2014-03-07;822.83;822.83;626.11;400.51
2014;3;666;2014-03-08;2014-03-14;822.83;822.83;725.25;684.39
2014;3;667;2014-03-15;2014-03-21;822.83;822.83;822.83;822.83
2014;3;668;2014-03-22;2014-03-28;822.83;822.83;822.83;822.83
2014;3;669;2014-03-29;2014-04-04;822.83;822.83;822.83;822.83
2014;4;670;2014-04-05;2014-04-11;822.83;822.83;822.4;755.37
2014;4;671;2014-04-12;2014-04-18;822.83;822.83;751.99;695.31
2014;4;672;2014-04-19;2014-04-25;822.83;822.83;695.92;665.37
2014;4;673;2014-04-26;2014-05-02;822.83;822.83;628.3;217.66
2014;5;674;2014-05-03;2014-05-09;792.95;792.95;697.82;226.71
2014;5;675;2014-05-10;2014-05-16;822.83;822.83;820.18;149.51
2014;5;676;2014-05-17;2014-05-23;822.83;822.83;822.83;147.66
2014;5;677;2014-05-24;2014-05-30;817.05;817.05;817.05;817.05
2014;5;678;2014-05-31;2014-06-06;577.65;577.65;577.39;577.39
2014;6;679;2014-06-07;2014-06-13;299.27;219.32;299.27;299.27
2014;6;680;2014-06-14;2014-06-20;384.12;15.62;384.12;384.12
2014;6;681;2014-06-21;2014-06-27;435.93;150.75;435.93;435.93
2014;6;682;2014-06-28;2014-07-04;368.53;15.62;368.53;368.53
2014;7;683;2014-07-05;2014-07-11;545.13;355.13;545.13;545.13
2014;7;684;2014-07-12;2014-07-18;651.08;650.1;651.08;651.08
2014;7;685;2014-07-19;2014-07-25;715.19;715.19;715.19;715.19
2014;7;686;2014-07-26;2014-08-01;581.9;581.9;581.9;581.9
2014;8;687;2014-08-02;2014-08-08;809.43;809.43;809.43;809.43
2014;8;688;2014-08-09;2014-08-15;649.96;649.96;649.96;649.96
2014;8;689;2014-08-16;2014-08-22;697.22;697.22;697.22;697.22
2014;8;690;2014-08-23;2014-08-29;695.03;695.03;695.03;695.03
2014;8;691;2014-08-30;2014-09-05;728.81;728.81;728.81;728.81
2014;9;692;2014-09-06;2014-09-12;703.31;703.31;703.31;703.31
2014;9;693;2014-09-13;2014-09-19;770.63;770.63;770.63;770.63
2014;9;694;2014-09-20;2014-09-26;745.91;745.91;745.91;745.91
2014;9;695;2014-09-27;2014-10-03;671.68;671.68;671.68;671.68
2014;10;696;2014-10-04;2014-10-10;697.51;496.95;697.51;697.51
2014;10;697;2014-10-11;2014-10-17;808.68;808.68;808.68;808.68
2014;10;698;2014-10-18;2014-10-24;822.83;822.83;822.83;822.83
2014;10;699;2014-10-25;2014-10-31;822.83;822.83;822.83;822.83
2014;11;700;2014-11-01;2014-11-07;822.83;822.83;822.83;822.83
2014;11;701;2014-11-08;2014-11-14;822.83;822.83;822.83;822.83
2014;11;702;2014-11-15;2014-11-21;822.83;822.83;822.83;822.83
2014;11;703;2014-11-22;2014-11-28;822.83;822.83;822.83;822.83
2014;11;704;2014-11-29;2014-12-05;548.75;548.75;548.75;548.75
2014;12;705;2014-12-06;2014-12-12;676.22;676.22;676.22;676.22
2014;12;706;2014-12-13;2014-12-19;658.05;658.05;658.05;658.05
2014;12;707;2014-12-20;2014-12-26;658.73;658.73;658.73;658.73
2014;12;708;2014-12-27;2015-01-02;388.48;388.48;388.48;388.48
2015;1;709;2015-01-03;2015-01-09;388.48;388.48;388.48;388.48
2015;1;710;2015-01-10;2015-01-16;388.48;388.48;388.48;388.48
2015;1;711;2015-01-17;2015-01-23;388.48;388.48;388.48;388.48
2015;1;712;2015-01-24;2015-01-30;388.48;388.48;388.48;388.48
2015;1;713;2015-01-31;2015-02-06;388.48;388.48;388.48;388.48
2015;2;714;2015-02-07;2015-02-13;388.48;388.48;388.48;388.48
2015;2;715;2015-02-14;2015-02-20;388.48;388.48;388.48;388.48
2015;2;716;2015-02-21;2015-02-27;388.48;388.48;388.48;388.48
2015;2;717;2015-02-28;2015-03-06;388.48;388.48;388.48;388.48
2015;3;718;2015-03-07;2015-03-13;388.48;388.48;388.48;355.45
2015;3;719;2015-03-14;2015-03-20;388.48;388.48;388.48;388.48
2015;3;720;2015-03-21;2015-03-27;388.48;388.48;388.48;388.48
2015;3;721;2015-03-28;2015-04-03;388.48;388.48;388.48;68.69
2015;4;722;2015-04-04;2015-04-10;388.48;388.48;388.48;92.03
2015;4;723;2015-04-11;2015-04-17;388.48;388.48;388.48;213.53
2015;4;724;2015-04-18;2015-04-24;388.48;388.48;388.48;108.95
2015;4;725;2015-04-25;2015-05-01;388.48;388.48;388.48;119.33
2015;5;726;2015-05-02;2015-05-08;388.48;388.48;388.48;100.06
2015;5;727;2015-05-09;2015-05-15;388.48;388.48;388.48;92.96
2015;5;728;2015-05-16;2015-05-22;388.48;388.48;388.48;133.55
2015;5;729;2015-05-23;2015-05-29;388.48;388.48;388.48;158.54
2015;6;730;2015-06-01;2015-06-05;375.81;375.81;375.81;375.81
2015;6;731;2015-06-06;2015-06-12;383.85;383.85;383.85;383.85
2015;6;732;2015-06-13;2015-06-19;360.54;360.54;360.54;360.54
2015;6;733;2015-06-20;2015-06-26;369.03;369.03;369.03;369.03
2015;6;734;2015-06-27;2015-07-03;378.01;378.01;378.01;378.01
2015;7;735;2015-07-04;2015-07-10;317.79;317.79;317.79;317.79
2015;7;736;2015-07-11;2015-07-17;231.65;231.65;238.74;231.65
2015;7;737;2015-07-18;2015-07-24;172.69;105.22;179.81;177.84
2015;7;738;2015-07-25;2015-07-31;178.63;95.04;180.61;178.63
2015;8;739;2015-08-01;2015-08-07;118.81;118.81;118.81;118.81
2015;8;740;2015-08-08;2015-08-14;129.52;129.52;129.52;129.52
2015;8;741;2015-08-15;2015-08-21;136.94;136.94;136.94;136.94
2015;8;742;2015-08-22;2015-08-28;139.91;139.91;139.91;139.91
2015;8;743;2015-08-29;2015-09-04;274.98;274.98;274.98;274.98
2015;9;744;2015-09-05;2015-09-11;245.97;245.97;245.97;245.97
2015;9;745;2015-09-12;2015-09-18;199.89;199.89;199.89;199.89
2015;9;746;2015-09-19;2015-09-25;222.23;222.23;222.23;222.23
2015;9;747;2015-09-26;2015-10-02;206.68;206.68;206.68;206.68
2015;10;748;2015-10-03;2015-10-09;217.18;217.18;217.18;217.18
2015;10;749;2015-10-10;2015-10-16;205.67;205.67;205.67;205.67
2015;10;750;2015-10-17;2015-10-23;207.24;192.4;207.24;207.24
2015;10;751;2015-10-24;2015-10-30;214.83;197.08;244.03;244.03
2015;10;752;2015-10-31;2015-11-06;245.3;187.89;245.3;245.3
2015;11;753;2015-11-07;2015-11-13;208.17;195.6;212.39;212.39
2015;11;754;2015-11-14;2015-11-20;188.81;188.81;274.91;274.91
2015;11;755;2015-11-21;2015-11-27;199.57;192.96;323.15;323.15
2015;11;756;2015-11-28;2015-12-04;149.49;149.49;371.08;196.62
2015;12;757;2015-12-05;2015-12-11;134.33;134.33;323.15;159.61
2015;12;758;2015-12-12;2015-12-18;110.1;98.39;309.97;175.7
2015;12;759;2015-12-19;2015-12-25;140.15;127.35;201.72;197.89
2015;12;760;2015-12-26;2016-01-01;50.59;50.59;344.41;109.12
2016;1;761;2016-01-02;2016-01-08;46.02;45.78;352.86;111.14
2016;1;762;2016-01-09;2016-01-15;35.76;35.76;318.24;85.28
2016;1;763;2016-01-16;2016-01-22;30.25;30.25;309.97;30.25
2016;1;764;2016-01-23;2016-01-29;30.25;30.25;304.41;30.25
2016;1;765;2016-01-30;2016-02-05;30.25;30.25;139.88;30.25
2016;2;766;2016-02-06;2016-02-12;30.25;30.25;111.65;30.25
2016;2;767;2016-02-13;2016-02-19;30.25;30.25;137.81;30.25
2016;2;768;2016-02-20;2016-02-26;30.25;30.25;243.41;30.25
2016;2;769;2016-02-27;2016-03-04;32.16;32.16;223.17;32.16
2016;3;770;2016-03-05;2016-03-11;51.93;51.93;240.34;51.93
2016;3;771;2016-03-12;2016-03-18;30.58;30.58;259.26;30.58
2016;3;772;2016-03-19;2016-03-25;30.25;30.25;248.6;30.25
2016;3;773;2016-03-26;2016-04-01;41.82;41.82;265.53;41.82
2016;4;774;2016-04-02;2016-04-08;43.13;43.13;276.82;43.13
2016;4;775;2016-04-09;2016-04-15;47.79;47.79;275.5;47.79
2016;4;776;2016-04-16;2016-04-22;51.45;51.45;262.72;51.45
2016;4;777;2016-04-23;2016-04-29;51.03;51.03;275.22;51.03
2016;4;778;2016-04-30;2016-05-06;86.45;86.45;103.2;87.9
2016;5;779;2016-05-07;2016-05-13;80.39;80.39;99.79;82.12
2016;5;780;2016-05-14;2016-05-20;74.51;72.54;99.79;76.7
2016;5;781;2016-05-21;2016-05-27;73.31;73.31;99.79;77.98
2016;5;782;2016-05-28;2016-06-03;59.68;55.8;143.67;143.67
2016;6;783;2016-06-04;2016-06-10;59.54;50.34;113.72;90.74
2016;6;784;2016-06-11;2016-06-17;58.29;50.22;130.78;87.19
2016;6;785;2016-06-18;2016-06-24;56.8;53.12;112.76;109.14
2016;6;786;2016-06-25;2016-07-01;72.94;72.94;104.13;104.13
2016;7;787;2016-07-02;2016-07-08;82.14;82.14;95.22;83.94
2016;7;788;2016-07-09;2016-07-15;86.22;86.22;108.91;108.91
2016;7;789;2016-07-16;2016-07-22;79.96;79.96;111.88;111.88
2016;7;790;2016-07-23;2016-07-29;77.36;77.36;117.05;117.05
2016;7;791;2016-07-30;2016-08-05;117.58;117.58;117.58;117.58
2016;8;792;2016-08-06;2016-08-12;117.44;117.44;117.44;117.44
2016;8;793;2016-08-13;2016-08-19;115.63;115.63;115.63;115.63
2016;8;794;2016-08-20;2016-08-26;94.51;94.51;111.74;111.74
2016;8;795;2016-08-27;2016-08-31;140.71;122.17;140.71;140.71
2016;9;796;2016-09-01;2016-09-02;140.71;122.17;140.71;140.71
2016;9;797;2016-09-03;2016-09-09;147.87;127.83;147.87;147.87
2016;9;798;2016-09-10;2016-09-16;148.26;135.69;148.26;148.26
2016;9;799;2016-09-17;2016-09-23;145.5;145.5;145.5;145.5
2016;9;800;2016-09-24;2016-09-30;155.22;155.22;155.22;155.22
2016;10;801;2016-10-01;2016-10-07;213.29;213.29;213.29;213.29
2016;10;802;2016-10-08;2016-10-14;214.32;214.32;214.32;214.32
2016;10;803;2016-10-15;2016-10-21;193.41;193.41;193.41;193.41
2016;10;804;2016-10-22;2016-10-28;165.81;165.81;165.81;165.81
2016;10;805;2016-10-29;2016-10-31;232.85;232.85;232.85;232.85
2016;11;806;2016-11-01;2016-11-04;178.59;178.59;178.59;178.59
2016;11;807;2016-11-05;2016-11-11;184.23;184.23;184.23;184.23
2016;11;808;2016-11-12;2016-11-18;169.9;169.9;169.9;169.9
2016;11;809;2016-11-19;2016-11-25;153.48;153.48;153.48;153.48
2016;11;810;2016-11-26;2016-12-02;142.85;142.85;142.85;142.85
2016;12;811;2016-12-03;2016-12-09;101.99;101.99;101.99;101.99
2016;12;812;2016-12-10;2016-12-16;121.56;121.56;121.56;121.56
2016;12;813;2016-12-17;2016-12-23;142.93;142.93;142.93;142.93
2016;12;814;2016-12-24;2016-12-30;113.62;113.62;113.62;113.62
2016;12;815;2016-12-31;2017-01-06;140.86;140.86;140.86;140.86
2017;1;816;2017-01-07;2017-01-13;101.24;101.24;124.05;101.24
2017;1;817;2017-01-14;2017-01-20;128.5;128.5;135.09;128.5
2017;1;818;2017-01-21;2017-01-27;129.9;129.9;138.94;129.9
2017;1;819;2017-01-28;2017-02-03;100.64;100.64;171.33;100.64
2017;2;820;2017-02-04;2017-02-10;111.91;111.91;171.33;111.91
2017;2;821;2017-02-11;2017-02-17;120.97;120.97;159.77;120.97
2017;2;822;2017-02-18;2017-02-24;132.38;132.38;148.93;33.68
2017;2;823;2017-02-25;2017-03-03;184.49;184.49;184.49;33.68
2017;3;824;2017-03-04;2017-03-10;185.06;185.06;185.06;33.68
2017;3;825;2017-03-11;2017-03-17;238.55;238.55;241.65;33.68
2017;3;826;2017-03-18;2017-03-24;219.1;219.1;386.46;33.68
2017;3;827;2017-03-25;2017-03-31;235.67;235.67;365.35;33.68
2017;4;828;2017-04-01;2017-04-07;426.1;426.1;430.14;33.68
2017;4;829;2017-04-08;2017-04-14;356.68;356.68;356.68;33.68
2017;4;830;2017-04-15;2017-04-21;350.66;350.66;350.66;33.68
2017;4;831;2017-04-22;2017-04-28;331.01;331.01;331.01;33.68
2017;4;832;2017-04-29;2017-05-05;448.58;448.58;448.58;33.68
2017;5;833;2017-05-06;2017-05-12;463.69;463.69;463.69;33.68
2017;5;834;2017-05-13;2017-05-19;477.5;477.5;477.5;145.62
2017;5;835;2017-05-20;2017-05-26;478.01;478.01;478.01;476.01
2017;5;836;2017-05-27;2017-06-02;118.77;118.77;157.33;118.77
2017;6;837;2017-06-03;2017-06-09;103.07;33.68;127.6;103.07
2017;6;838;2017-06-10;2017-06-16;93.9;33.68;123.25;93.9
2017;6;839;2017-06-17;2017-06-23;140.18;87;140.18;140.18
2017;6;840;2017-06-24;2017-06-30;160.62;91.44;178.85;178.85
2017;7;841;2017-07-01;2017-07-07;233.32;233.32;233.32;233.32
2017;7;842;2017-07-08;2017-07-14;253.45;253.45;253.45;253.45
2017;7;843;2017-07-15;2017-07-21;266.98;266.98;266.98;266.98
2017;7;844;2017-07-22;2017-07-28;269.76;269.76;269.76;269.76
2017;7;845;2017-07-29;2017-08-04;514.66;514.66;514.66;514.66
2017;8;846;2017-08-05;2017-08-11;533.82;533.82;533.82;533.82
2017;8;847;2017-08-12;2017-08-18;521.83;521.83;521.83;521.83
2017;8;848;2017-08-19;2017-08-25;505.61;505.61;505.61;505.61
2017;8;849;2017-08-26;2017-09-01;449.04;449.04;449.04;449.04
2017;9;850;2017-09-02;2017-09-08;494.46;494.46;494.46;494.46
2017;9;851;2017-09-09;2017-09-15;533.82;533.82;533.82;533.82
2017;9;852;2017-09-16;2017-09-22;533.82;533.82;533.82;533.82
2017;9;853;2017-09-23;2017-09-29;533.82;533.82;533.82;533.82
2017;9;854;2017-09-30;2017-10-06;533.82;533.82;533.82;533.82
2017;10;855;2017-10-07;2017-10-13;533.82;533.82;533.82;533.82
2017;10;856;2017-10-14;2017-10-20;533.82;533.82;533.82;533.82
2017;10;857;2017-10-21;2017-10-27;533.82;533.82;533.82;533.82
2017;10;858;2017-10-28;2017-11-03;533.82;533.82;533.82;533.82
2017;11;859;2017-11-04;2017-11-10;483.21;483.21;483.21;483.21
2017;11;860;2017-11-11;2017-11-17;481.66;481.66;481.66;481.66
2017;11;861;2017-11-18;2017-11-24;449.83;449.83;449.83;449.83
2017;11;862;2017-11-25;2017-12-01;208.53;208.52;208.53;208.53
2017;12;863;2017-12-02;2017-12-08;220.16;220.16;220.16;220.16
2017;12;864;2017-12-09;2017-12-15;214.51;214.51;214.51;214.51
2017;12;865;2017-12-16;2017-12-22;274.98;274.98;274.98;274.98
2017;12;866;2017-12-23;2017-12-29;245.63;245.63;245.63;245.63
2017;12;867;2017-12-30;2018-01-05;196.1;199.55;182.49;168.14
2018;1;868;2018-01-06;2018-01-12;176.64;178.67;179.91;165.52
2018;1;869;2018-01-13;2018-01-19;162.95;165.82;162.06;142.37
2018;1;870;2018-01-20;2018-01-26;192.89;191.89;190.37;145.6
2018;1;871;2018-01-27;2018-02-02;175.04;152.06;176.34;78.68
2018;2;872;2018-02-03;2018-02-09;179.42;178.5;176.42;40.16
2018;2;873;2018-02-10;2018-02-16;170.45;173.44;167.6;40.16
2018;2;874;2018-02-17;2018-02-23;210.79;214.37;184.27;40.16
2018;2;875;2018-02-24;2018-03-02;201.98;201.98;189.22;40.16
2018;3;876;2018-03-03;2018-03-09;223.21;223.21;223.21;40.16
2018;3;877;2018-03-10;2018-03-16;236.02;236.02;236.02;40.16
2018;3;878;2018-03-17;2018-03-23;219.5;219.5;218.38;40.16
2018;3;879;2018-03-24;2018-03-30;228.54;228.54;228.54;40.16
2018;3;880;2018-03-31;2018-04-06;40.16;40.16;40.16;40.16
2018;4;881;2018-04-07;2018-04-13;84.83;84.83;106.83;78.04
2018;4;882;2018-04-14;2018-04-20;122.73;122.73;122.73;49.29
2018;4;883;2018-04-21;2018-04-27;135.38;135.38;135.38;40.16
2018;4;884;2018-04-28;2018-05-04;216.86;216.86;154.51;40.16
2018;5;885;2018-05-05;2018-05-11;305.96;305.96;154.51;40.16
2018;5;886;2018-05-12;2018-05-18;326.46;326.46;165.95;114.9
2018;5;887;2018-05-19;2018-05-25;340.8;340.8;201.88;201.88
2018;5;888;2018-05-26;2018-06-01;402.29;402.29;380.73;380.73
2018;6;889;2018-06-02;2018-06-08;440.98;440.98;321.06;321.06
2018;6;890;2018-06-09;2018-06-15;472.21;472.21;463.52;463.52
2018;6;891;2018-06-16;2018-06-22;477.77;477.77;477.77;477.77
2018;6;892;2018-06-23;2018-06-29;505.18;505.18;505.18;505.18
2018;6;893;2018-06-30;2018-07-06;505.18;505.18;505.18;505.18
2018;7;894;2018-07-07;2018-07-13;505.18;505.18;505.18;505.18
2018;7;895;2018-07-14;2018-07-20;505.18;505.18;505.18;505.18
2018;7;896;2018-07-21;2018-07-27;505.18;505.18;505.18;505.18
2018;7;897;2018-07-28;2018-08-03;505.18;505.18;505.18;505.18
2018;8;898;2018-08-04;2018-08-10;505.18;505.18;505.18;505.18
2018;8;899;2018-08-11;2018-08-17;505.18;505.18;505.18;505.18
2018;8;900;2018-08-18;2018-08-24;505.18;505.18;505.18;505.18
2018;8;901;2018-08-25;2018-08-31;505.18;505.18;505.18;505.18
2018;9;902;2018-09-01;2018-09-07;486.25;486.25;486.25;489.78
2018;9;903;2018-09-08;2018-09-14;496.28;496.28;496.28;496.28
2018;9;904;2018-09-15;2018-09-21;491.71;491.71;491.71;491.71
2018;9;905;2018-09-22;2018-09-28;441.87;441.87;441.87;441.87
2018;9;906;2018-09-29;2018-10-05;386.47;386.47;386.47;386.47
2018;10;907;2018-10-06;2018-10-12;325.52;325.52;325.52;325.52
2018;10;908;2018-10-13;2018-10-19;270.28;270.28;270.28;270.28
2018;10;909;2018-10-20;2018-10-26;229.71;229.71;229.71;229.71
2018;10;910;2018-10-27;2018-11-02;142.4;142.4;142.4;142.4
2018;11;911;2018-11-03;2018-11-09;149.95;149.95;149.95;149.95
2018;11;912;2018-11-10;2018-11-16;120.77;120.77;120.77;120.77
2018;11;913;2018-11-17;2018-11-23;119.21;119.21;119.21;119.21
2018;11;914;2018-11-24;2018-11-30;100.72;100.72;100.72;100.72
2018;12;915;2018-12-01;2018-12-07;59.04;59.04;59.16;59.04
2018;12;916;2018-12-08;2018-12-14;66.13;66.13;66.41;66.13
2018;12;917;2018-12-15;2018-12-21;79.16;79.16;79.16;40.16
2018;12;918;2018-12-22;2018-12-28;87.21;87.21;87.21;40.16
2018;12;919;2018-12-29;2019-01-04;136.43;136.43;53.86;53.86
2019;1;920;2019-01-05;2019-01-11;138.8;138.8;103.89;103.89
2019;1;921;2019-01-12;2019-01-18;166.17;166.17;80.44;80.44
2019;1;922;2019-01-19;2019-01-25;178.76;178.76;42.35;42.35
2019;1;923;2019-01-26;2019-02-01;337.1;337.1;137.55;83.06
2019;2;924;2019-02-02;2019-02-08;451.57;451.57;141.05;42.35
2019;2;925;2019-02-09;2019-02-15;510.81;510.81;178.71;48.14
2019;2;926;2019-02-16;2019-02-22;472.96;472.96;164.36;42.35
2019;2;927;2019-02-23;2019-03-01;339.46;339.46;178.71;42.35
2019;3;928;2019-03-02;2019-03-08;251.81;251.81;164.36;42.35
2019;3;929;2019-03-09;2019-03-15;250.06;250.06;160.22;42.35
2019;3;930;2019-03-16;2019-03-22;199.09;199.09;160.22;42.35
2019;3;931;2019-03-23;2019-03-29;229.74;229.74;160.22;42.35
2019;3;932;2019-03-30;2019-04-05;210.52;210.52;42.35;42.35
2019;4;933;2019-04-06;2019-04-12;181.41;181.41;42.35;42.35
2019;4;934;2019-04-13;2019-04-19;186.94;186.94;42.35;42.35
2019;4;935;2019-04-20;2019-04-26;172.38;172.38;42.35;42.35
2019;4;936;2019-04-27;2019-05-03;142.12;142.12;42.35;42.35
2019;5;937;2019-05-04;2019-05-10;174.86;174.86;42.35;42.35
2019;5;938;2019-05-11;2019-05-17;98.21;98.21;42.35;42.35
2019;5;939;2019-05-18;2019-05-24;136.05;136.05;80.44;80.44
2019;5;940;2019-05-25;2019-05-31;128.33;128.33;42.35;42.35
2019;6;941;2019-06-01;2019-06-07;42.35;42.35;42.35;42.35
2019;6;942;2019-06-08;2019-06-14;42.35;42.35;42.35;42.35
2019;6;943;2019-06-15;2019-06-21;78.42;78.42;78.42;78.42
2019;6;944;2019-06-22;2019-06-28;124.92;124.92;124.92;124.92
2019;6;945;2019-06-29;2019-07-05;170.94;170.94;170.94;170.94
2019;7;946;2019-07-06;2019-07-12;177.6;177.6;177.6;177.6
2019;7;947;2019-07-13;2019-07-19;175.04;175.04;175.04;175.04
2019;7;948;2019-07-20;2019-07-26;186.18;186.18;186.18;186.18
2019;7;949;2019-07-27;2019-08-02;225;225;174.61;174.61
2019;8;950;2019-08-03;2019-08-09;236.35;236.35;217.98;217.98
2019;8;951;2019-08-10;2019-08-16;233.3;233.3;217.98;217.98
2019;8;952;2019-08-17;2019-08-23;241.04;241.04;223.39;223.39
2019;8;953;2019-08-24;2019-08-30;247.08;247.08;198.37;198.37
2019;8;954;2019-08-31;2019-09-06;200.69;200.69;200.34;200.34
2019;9;955;2019-09-07;2019-09-13;210.71;210.71;210.71;210.71
2019;9;956;2019-09-14;2019-09-20;225.55;225.55;221.28;221.28
2019;9;957;2019-09-21;2019-09-27;231.12;231.12;231.12;231.12
2019;9;958;2019-09-28;2019-10-04;238.02;238.02;238.02;238.02
2019;10;959;2019-10-05;2019-10-11;270.84;270.84;270.84;270.84
2019;10;960;2019-10-12;2019-10-18;273.52;273.52;273.52;273.52
2019;10;961;2019-10-19;2019-10-25;273.51;273.51;273.51;273.51
2019;10;962;2019-10-26;2019-11-01;301.65;301.65;301.65;301.65
2019;11;963;2019-11-02;2019-11-08;334.73;334.73;334.73;334.73
2019;11;964;2019-11-09;2019-11-15;308.2;308.2;308.2;308.2
2019;11;965;2019-11-16;2019-11-22;322.84;322.84;322.84;322.84
2019;11;966;2019-11-23;2019-11-29;317.33;317.33;317.33;317.33
2019;11;967;2019-11-30;2019-12-06;234.99;234.99;234.99;234.99
2019;12;968;2019-12-07;2019-12-13;217.57;217.57;217.57;217.57
2019;12;969;2019-12-14;2019-12-20;226.59;226.59;226.59;226.59
2019;12;970;2019-12-21;2019-12-27;195.13;195.13;195.13;195.13
2019;12;971;2019-12-28;2020-01-03;290.33;290.33;290.33;290.33
2020;1;972;2020-01-04;2020-01-10;368.51;368.51;368.51;368.51
2020;1;973;2020-01-11;2020-01-17;268.32;268.32;268.32;268.32
2020;1;974;2020-01-18;2020-01-24;355.42;355.42;355.42;355.42
2020;1;975;2020-01-25;2020-01-31;333;333;332.28;332.28
2020;2;976;2020-02-01;2020-02-07;190.96;191.01;190.96;190.96
2020;2;977;2020-02-08;2020-02-14;150.67;174.24;150.67;149.89
2020;2;978;2020-02-15;2020-02-21;146.13;171.14;144.93;132.63
2020;2;979;2020-02-22;2020-02-28;143.85;180.77;125.8;39.68
2020;2;980;2020-02-29;2020-03-06;58.6;66.78;58.6;57.34
2020;3;981;2020-03-07;2020-03-13;86.62;158.2;84.67;39.68
2020;3;982;2020-03-14;2020-03-20;100.86;224.12;98.97;39.68
2020;3;983;2020-03-21;2020-03-27;101.98;201.83;39.68;39.68
2020;3;984;2020-03-28;2020-04-03;39.68;39.68;39.68;39.68
2020;4;985;2020-04-04;2020-04-10;39.68;39.68;39.68;39.68
2020;4;986;2020-04-11;2020-04-17;39.68;39.68;39.68;39.68
2020;4;987;2020-04-18;2020-04-24;39.68;39.68;39.68;39.68
2020;4;988;2020-04-25;2020-05-01;39.68;39.68;39.68;39.68
2020;5;989;2020-05-02;2020-05-08;53.85;53.85;39.68;39.68
2020;5;990;2020-05-09;2020-05-15;61.33;61.33;39.68;39.68
2020;5;991;2020-05-16;2020-05-22;78.88;78.88;39.68;39.68
2020;5;992;2020-05-23;2020-05-29;91.41;91.41;39.68;39.68
2020;5;993;2020-05-30;2020-06-05;104.09;104.09;39.68;39.68
2020;6;994;2020-06-06;2020-06-12;114.92;114.92;39.68;39.68
2020;6;995;2020-06-13;2020-06-19;127.68;127.68;86.21;86.21
2020;6;996;2020-06-20;2020-06-26;117.82;117.82;89.07;89.07
2020;6;997;2020-06-27;2020-07-03;96.57;96.57;90.69;94.82
2020;7;998;2020-07-04;2020-07-10;83.69;83.69;83.69;83.69
2020;7;999;2020-07-11;2020-07-17;85.45;85.45;85.35;85.45
2020;7;1000;2020-07-18;2020-07-24;90.32;90.32;89.9;90.32
2020;7;1001;2020-07-25;2020-07-31;93.25;93.25;80.93;93.25
2020;8;1002;2020-08-01;2020-08-07;92.98;92.98;73.03;92.98
2020;8;1003;2020-08-08;2020-08-14;103.18;103.18;76.71;103.18
2020;8;1004;2020-08-15;2020-08-21;94.16;94.16;73.86;94.16
2020;8;1005;2020-08-22;2020-08-28;58.27;58.27;56.82;58.27
2020;8;1006;2020-08-29;2020-09-04;66.89;66.89;51.88;66.89
2020;9;1007;2020-09-05;2020-09-11;76.24;76.24;55.23;76.24
2020;9;1008;2020-09-12;2020-09-18;88.98;88.98;63.42;88.98
2020;9;1009;2020-09-19;2020-09-25;105.54;105.54;68.71;105.54
2020;9;1010;2020-09-26;2020-10-02;172.67;172.67;160.33;172.67
2020;10;1011;2020-10-03;2020-10-09;261.89;261.89;164.86;261.89
2020;10;1012;2020-10-10;2020-10-16;281.43;281.43;170.66;281.43
2020;10;1013;2020-10-17;2020-10-23;315.94;315.94;219.01;315.94
2020;10;1014;2020-10-24;2020-10-30;317.03;317.03;185.11;317.03
2020;10;1015;2020-10-31;2020-11-06;370.77;370.77;150.6;370.77
2020;11;1016;2020-11-07;2020-11-13;559.75;559.75;196.76;559.75
2020;11;1017;2020-11-14;2020-11-20;476.59;476.59;276.71;476.59
2020;11;1018;2020-11-21;2020-11-27;559.75;559.75;196.29;559.75
2020;11;1019;2020-11-28;2020-12-04;559.75;559.75;559.75;559.75
2020;12;1020;2020-12-05;2020-12-11;210.74;210.74;200.33;210.74
2020;12;1021;2020-12-12;2020-12-18;264.24;264.24;264.24;264.24
2020;12;1022;2020-12-19;2020-12-25;198.36;198.36;197.79;198.36
2020;12;1023;2020-12-26;2021-01-01;220.89;220.89;220.89;220.89
2021;1;1024;2021-01-02;2021-01-08;297.43;297.43;291.83;297.43
2021;1;1025;2021-01-09;2021-01-15;306.12;306.12;306.11;306.11
2021;1;1026;2021-01-16;2021-01-22;215.56;214.3;214.19;214.29
2021;1;1027;2021-01-23;2021-01-29;184.35;178.85;178.41;178.81
2021;1;1028;2021-01-30;2021-02-05;152.1;141.53;146.43;146.43
2021;2;1029;2021-02-06;2021-02-12;170.45;169.7;170.42;170.42
2021;2;1030;2021-02-13;2021-02-19;173.37;173.36;173.51;173.37
2021;2;1031;2021-02-20;2021-02-26;184.15;184.44;184.05;184.03
2021;2;1032;2021-02-27;2021-03-05;119.64;123.01;63.42;61.47
2021;3;1033;2021-03-06;2021-03-12;70.71;71.37;60.03;52.49
2021;3;1034;2021-03-13;2021-03-19;117.4;118.38;85.41;54.41
2021;3;1035;2021-03-20;2021-03-26;126.23;127.56;83.98;49.77
2021;3;1036;2021-03-27;2021-04-02;99.96;100.28;88.19;56.42
2021;4;1037;2021-04-03;2021-04-09;125.43;126.8;50.03;49.77
2021;4;1038;2021-04-10;2021-04-16;108.77;115.38;66.47;49.77
2021;4;1039;2021-04-17;2021-04-23;161.94;165.53;133.06;115.01
2021;4;1040;2021-04-24;2021-04-30;146.95;153.74;109.19;102.38
2021;5;1041;2021-05-01;2021-05-07;207.05;239.8;149.74;146.5
2021;5;1042;2021-05-08;2021-05-14;191.8;192.04;151.85;153.01
2021;5;1043;2021-05-15;2021-05-21;230.39;230.41;207.93;207.96
2021;5;1044;2021-05-22;2021-05-28;231.73;231.73;221.99;222.99
2021;5;1045;2021-05-29;2021-06-04;252.82;252.82;250.52;250.77
2021;6;1046;2021-06-05;2021-06-11;276.15;276.15;271.74;273.07
2021;6;1047;2021-06-12;2021-06-18;284.47;284.47;282.85;284.28
2021;6;1048;2021-06-19;2021-06-25;321.3;321.3;293.7;320.69
2021;6;1049;2021-06-26;2021-07-02;583.88;583.88;583.88;583.88
2021;7;1050;2021-07-03;2021-07-09;583.88;583.88;583.88;583.88
2021;7;1051;2021-07-10;2021-07-16;583.88;583.88;583.88;583.88
2021;7;1052;2021-07-17;2021-07-23;583.88;583.88;583.88;583.88
2021;7;1053;2021-07-24;2021-07-30;583.88;583.88;583.88;583.88
2021;7;1054;2021-07-31;2021-08-06;583.88;583.88;583.88;583.88
2021;8;1055;2021-08-07;2021-08-13;583.88;583.88;583.88;583.88
2021;8;1056;2021-08-14;2021-08-20;583.88;583.88;583.88;583.88
2021;8;1057;2021-08-21;2021-08-27;583.88;583.88;583.88;583.88
2021;8;1058;2021-08-28;2021-09-03;583.88;583.88;583.88;583.88
2021;9;1059;2021-09-04;2021-09-10;583.88;583.88;583.88;583.88
2021;9;1060;2021-09-11;2021-09-17;583.88;583.88;583.88;583.88
2021;9;1061;2021-09-18;2021-09-24;583.88;583.88;583.88;583.88
2021;9;1062;2021-09-25;2021-10-01;549.01;549.01;518.89;549.01
2021;10;1063;2021-10-02;2021-10-08;452.28;452.28;450.72;452.28
2021;10;1064;2021-10-09;2021-10-15;209.43;209.43;209.43;209.43
2021;10;1065;2021-10-16;2021-10-22;177.38;177.38;177.38;177.38
2021;10;1066;2021-10-23;2021-10-29;161.22;161.22;161.22;161.22
2021;10;1067;2021-10-30;2021-11-05;101.07;101.07;101.07;101.07
2021;11;1068;2021-11-06;2021-11-12;107.09;107.09;107.09;107.09
2021;11;1069;2021-11-13;2021-11-19;74.13;74.13;74.01;74.13
2021;11;1070;2021-11-20;2021-11-26;94.1;94.1;94.09;94.1
2021;11;1071;2021-11-27;2021-12-03;50.79;50.79;50.79;50.79
2021;12;1072;2021-12-04;2021-12-10;59.15;59.15;59.15;59.15
2021;12;1073;2021-12-11;2021-12-17;82.26;82.26;82.26;82.26
2021;12;1074;2021-12-18;2021-12-24;66.34;66.34;66.32;66.32
2021;12;1075;2021-12-25;2021-12-31;65.5;65.5;64.59;63.93
2022;1;1076;2022-01-01;2022-01-07;69.7;69.71;61.92;55.73
2022;1;1077;2022-01-08;2022-01-14;57.09;57.11;56.22;55.7
2022;1;1078;2022-01-15;2022-01-21;62.1;62.13;55.7;55.7
2022;1;1079;2022-01-22;2022-01-28;65.82;65.82;55.7;55.7
2022;1;1080;2022-01-29;2022-02-04;55.7;55.7;55.7;55.7
2022;2;1081;2022-02-05;2022-02-11;55.7;55.7;55.7;55.7
2022;2;1082;2022-02-12;2022-02-18;55.7;55.7;55.7;55.7
2022;2;1083;2022-02-19;2022-02-25;55.7;55.7;55.7;55.7
2022;2;1084;2022-02-26;2022-03-04;55.7;55.7;55.7;55.7
2022;3;1085;2022-03-05;2022-03-11;55.7;55.7;55.7;55.7
2022;3;1086;2022-03-12;2022-03-18;55.7;55.7;55.7;55.7
2022;3;1087;2022-03-19;2022-03-25;55.7;55.7;55.7;55.7
2022;3;1088;2022-03-26;2022-04-01;55.7;55.7;55.7;55.7
2022;4;1089;2022-04-02;2022-04-08;55.7;55.7;55.7;55.7
2022;4;1090;2022-04-09;2022-04-15;55.7;55.7;55.7;55.7
2022;4;1091;2022-04-16;2022-04-22;55.7;55.7;55.7;55.7
2022;4;1092;2022-04-23;2022-04-29;55.7;55.7;55.7;55.7
2022;4;1093;2022-04-30;2022-05-06;55.7;55.7;55.7;55.7
2022;5;1094;2022-05-07;2022-05-13;55.7;55.7;55.7;55.7
2022;5;1095;2022-05-14;2022-05-20;55.7;55.7;55.7;55.7
2022;5;1096;2022-05-21;2022-05-27;55.7;55.7;55.7;55.7
2022;5;1097;2022-05-28;2022-06-03;55.7;55.7;55.7;55.7
2022;6;1098;2022-06-04;2022-06-10;55.76;55.76;55.76;55.76
2022;6;1099;2022-06-11;2022-06-17;55.7;55.7;55.7;55.7
2022;6;1100;2022-06-18;2022-06-24;55.7;55.7;55.7;55.7
2022;6;1101;2022-06-25;2022-07-01;55.7;55.7;55.7;55.7
2022;7;1102;2022-07-02;2022-07-08;57.17;57.17;57.16;57.17
2022;7;1103;2022-07-09;2022-07-15;59;59;59;59
2022;7;1104;2022-07-16;2022-07-22;68.82;68.82;68.76;68.82
2022;7;1105;2022-07-23;2022-07-29;71.35;71.35;71.35;71.35
2022;7;1106;2022-07-30;2022-08-05;110.92;110.92;110.9;110.92
2022;8;1107;2022-08-06;2022-08-12;91.03;91.03;91.03;91.03
2022;8;1108;2022-08-13;2022-08-19;69.36;69.36;69.36;69.36
2022;8;1109;2022-08-20;2022-08-26;56.26;56.26;56.26;56.26
2022;8;1110;2022-08-27;2022-09-02;59.93;59.93;59.93;59.93
2022;9;1111;2022-09-03;2022-09-09;55.7;55.7;55.7;55.7
2022;9;1112;2022-09-10;2022-09-16;55.7;55.7;55.7;55.7
2022;9;1113;2022-09-17;2022-09-23;55.7;55.7;55.7;55.7
2022;9;1114;2022-09-24;2022-09-30;55.7;55.7;55.7;55.7
2022;10;1115;2022-10-01;2022-10-07;55.7;55.7;55.7;55.7
2022;10;1116;2022-10-08;2022-10-14;55.7;55.7;55.7;55.7
2022;10;1117;2022-10-15;2022-10-21;55.7;55.7;55.7;55.7
2022;10;1118;2022-10-22;2022-10-28;55.7;55.7;55.7;55.7
2022;10;1119;2022-10-29;2022-11-04;55.7;55.7;55.7;55.7
2022;11;1120;2022-11-05;2022-11-11;55.7;55.7;55.7;55.7
2022;11;1121;2022-11-12;2022-11-18;55.7;55.7;55.7;55.7
2022;11;1122;2022-11-19;2022-11-25;55.7;55.7;55.7;55.7
2022;11;1123;2022-11-26;2022-12-02;55.7;55.7;55.7;55.7
2022;12;1124;2022-12-03;2022-12-09;55.7;55.7;55.7;55.7
2022;12;1125;2022-12-10;2022-12-16;55.7;55.7;55.7;55.7
2022;12;1126;2022-12-17;2022-12-23;55.7;55.7;55.7;55.7
2022;12;1127;2022-12-24;2022-12-30;55.7;55.7;55.7;55.7
2022;12;1128;2022-12-31;2023-01-06;67.13;67.13;67.13;67.13
2023;1;1129;2023-01-07;2023-01-13;69.04;69.04;69.04;69.04
2023;1;1130;2023-01-14;2023-01-20;69.04;69.04;69.04;69.04
2023;1;1131;2023-01-21;2023-01-27;69.04;69.04;69.04;69.04
2023;1;1132;2023-01-28;2023-02-03;69.04;69.04;69.04;69.04
2023;2;1133;2023-02-04;2023-02-10;69.04;69.04;69.04;69.04
2023;2;1134;2023-02-11;2023-02-17;69.04;69.04;69.04;69.04
2023;2;1135;2023-02-18;2023-02-24;69.04;69.04;69.04;69.04
2023;2;1136;2023-02-25;2023-03-03;69.04;69.04;69.04;69.04
2023;3;1137;2023-03-04;2023-03-10;69.04;69.04;69.04;69.04
2023;3;1138;2023-03-11;2023-03-17;69.04;69.04;69.04;69.04
2023;3;1139;2023-03-18;2023-03-24;69.04;69.04;69.04;69.04
2023;3;1140;2023-03-25;2023-03-31;69.04;69.04;69.04;69.04
